scenario,i,label,status,client_ms,route,fell_back,bytes_to_cloud,fraud_probability
cloud_only,0,0,200,505.6,cloud,False,349,2.384185791015625e-06
cloud_only,1,0,200,507.002,cloud,False,339,5.4836273193359375e-06
cloud_only,2,0,200,507.39,cloud,False,334,2.384185791015625e-07
cloud_only,3,0,200,507.409,cloud,False,343,3.0994415283203125e-06
cloud_only,4,0,200,507.193,cloud,False,339,2.384185791015625e-07
cloud_only,5,0,200,506.386,cloud,False,346,3.62396240234375e-05
cloud_only,6,0,200,506.37,cloud,False,339,6.580352783203125e-05
cloud_only,7,1,200,507.003,cloud,False,326,0.9997473359107971
cloud_only,8,0,200,507.249,cloud,False,347,1.52587890625e-05
cloud_only,9,0,200,507.441,cloud,False,333,2.384185791015625e-07
cloud_only,10,0,200,507.502,cloud,False,336,5.960464477539062e-07
cloud_only,11,0,200,506.206,cloud,False,334,7.152557373046875e-06
cloud_only,12,0,200,507.678,cloud,False,339,3.337860107421875e-06
cloud_only,13,0,200,508.234,cloud,False,335,1.3113021850585938e-06
cloud_only,14,0,200,506.01,cloud,False,340,2.5033950805664062e-06
cloud_only,15,0,200,507.769,cloud,False,334,3.6954879760742188e-06
cloud_only,16,0,200,507.582,cloud,False,339,2.384185791015625e-07
cloud_only,17,0,200,507.648,cloud,False,321,5.8531761169433594e-05
cloud_only,18,0,200,508.486,cloud,False,346,3.6954879760742188e-06
cloud_only,19,0,200,506.581,cloud,False,335,0.02672630548477173
cloud_only,20,0,200,508.795,cloud,False,339,5.125999450683594e-06
cloud_only,21,0,200,510.039,cloud,False,329,4.673004150390625e-05
cloud_only,22,0,200,507.93,cloud,False,347,6.556510925292969e-06
cloud_only,23,0,200,507.677,cloud,False,349,7.033348083496094e-06
cloud_only,24,0,200,508.681,cloud,False,325,0.0
cloud_only,25,0,200,507.253,cloud,False,338,2.1696090698242188e-05
cloud_only,26,0,200,508.735,cloud,False,344,1.823902130126953e-05
cloud_only,27,0,200,507.224,cloud,False,324,1.800060272216797e-05
cloud_only,28,0,200,506.496,cloud,False,337,2.384185791015625e-07
cloud_only,29,1,200,508.3,cloud,False,324,0.9756789803504944
cloud_only,30,0,200,507.53,cloud,False,344,9.655952453613281e-06
cloud_only,31,0,200,508.759,cloud,False,345,2.5033950805664062e-06
cloud_only,32,0,200,509.794,cloud,False,339,9.5367431640625e-07
cloud_only,33,0,200,508.785,cloud,False,333,1.1920928955078125e-07
cloud_only,34,0,200,509.661,cloud,False,340,2.658367156982422e-05
cloud_only,35,0,200,509.439,cloud,False,339,1.1682510375976562e-05
cloud_only,36,0,200,509.162,cloud,False,353,1.1920928955078125e-06
cloud_only,37,0,200,509.412,cloud,False,345,2.384185791015625e-07
cloud_only,38,0,200,508.987,cloud,False,333,1.1920928955078125e-07
cloud_only,39,0,200,506.707,cloud,False,341,9.5367431640625e-07
cloud_only,40,0,200,506.81,cloud,False,344,4.112720489501953e-05
cloud_only,41,0,200,506.574,cloud,False,344,4.887580871582031e-06
cloud_only,42,0,200,507.859,cloud,False,339,4.172325134277344e-06
cloud_only,43,0,200,507.199,cloud,False,338,2.5033950805664062e-06
cloud_only,44,0,200,507.69,cloud,False,341,4.744529724121094e-05
cloud_only,45,1,200,507.159,cloud,False,329,5.4955482482910156e-05
cloud_only,46,0,200,507.536,cloud,False,340,1.0728836059570312e-06
cloud_only,47,0,200,506.214,cloud,False,345,1.5497207641601562e-06
cloud_only,48,0,200,507.742,cloud,False,340,0.00020140409469604492
cloud_only,49,0,200,507.518,cloud,False,348,4.76837158203125e-07
cloud_only,50,0,200,507.499,cloud,False,341,1.6927719116210938e-05
cloud_only,51,0,200,507.254,cloud,False,337,1.0728836059570312e-06
cloud_only,52,0,200,506.735,cloud,False,343,2.86102294921875e-06
cloud_only,53,0,200,506.839,cloud,False,340,3.0994415283203125e-06
cloud_only,54,0,200,506.889,cloud,False,333,1.7881393432617188e-06
cloud_only,55,0,200,507.301,cloud,False,338,4.1484832763671875e-05
cloud_only,56,0,200,507.643,cloud,False,349,1.1920928955078125e-05
cloud_only,57,1,200,507.932,cloud,False,329,0.9998058676719666
cloud_only,58,1,200,507.927,cloud,False,323,0.999462902545929
cloud_only,59,0,200,509.676,cloud,False,337,5.960464477539062e-07
cloud_only,60,0,200,508.008,cloud,False,340,8.249282836914062e-05
cloud_only,61,0,200,508.646,cloud,False,336,4.76837158203125e-07
cloud_only,62,0,200,508.395,cloud,False,339,5.53131103515625e-05
cloud_only,63,0,200,509.307,cloud,False,339,7.152557373046875e-07
cloud_only,64,0,200,507.272,cloud,False,329,4.887580871582031e-06
cloud_only,65,0,200,507.988,cloud,False,341,7.3909759521484375e-06
cloud_only,66,0,200,508.453,cloud,False,332,8.344650268554688e-07
cloud_only,67,0,200,508.905,cloud,False,338,1.5497207641601562e-06
cloud_only,68,0,200,507.799,cloud,False,339,1.1324882507324219e-05
cloud_only,69,0,200,507.154,cloud,False,334,1.1920928955078125e-07
cloud_only,70,0,200,508.06,cloud,False,337,4.172325134277344e-06
cloud_only,71,1,200,508.074,cloud,False,328,0.9999955892562866
cloud_only,72,0,200,507.978,cloud,False,344,1.2993812561035156e-05
cloud_only,73,0,200,507.388,cloud,False,334,2.384185791015625e-07
cloud_only,74,0,200,508.262,cloud,False,350,3.528594970703125e-05
cloud_only,75,0,200,506.581,cloud,False,327,2.7179718017578125e-05
cloud_only,76,0,200,508.684,cloud,False,343,1.2755393981933594e-05
cloud_only,77,0,200,507.135,cloud,False,337,0.0007737874984741211
cloud_only,78,0,200,507.737,cloud,False,335,4.76837158203125e-06
cloud_only,79,0,200,508.633,cloud,False,325,1.1682510375976562e-05
cloud_only,80,0,200,508.407,cloud,False,337,2.0265579223632812e-06
cloud_only,81,0,200,508.609,cloud,False,334,0.0001913905143737793
cloud_only,82,0,200,506.8,cloud,False,332,1.7881393432617188e-06
cloud_only,83,0,200,506.717,cloud,False,340,1.0728836059570312e-06
cloud_only,84,0,200,508.116,cloud,False,346,5.245208740234375e-06
cloud_only,85,0,200,507.036,cloud,False,337,2.586841583251953e-05
cloud_only,86,0,200,508.342,cloud,False,339,1.919269561767578e-05
cloud_only,87,0,200,507.324,cloud,False,343,0.0001016855239868164
cloud_only,88,0,200,508.003,cloud,False,333,9.894371032714844e-06
cloud_only,89,0,200,507.406,cloud,False,327,1.6689300537109375e-06
cloud_only,90,0,200,509.378,cloud,False,338,9.179115295410156e-06
cloud_only,91,0,200,509.953,cloud,False,333,0.0
cloud_only,92,0,200,506.531,cloud,False,340,7.987022399902344e-05
cloud_only,93,0,200,508.773,cloud,False,338,1.0609626770019531e-05
cloud_only,94,0,200,508.401,cloud,False,333,5.960464477539062e-07
cloud_only,95,0,200,507.01,cloud,False,331,7.236003875732422e-05
cloud_only,96,0,200,508.436,cloud,False,341,6.365776062011719e-05
cloud_only,97,0,200,507.968,cloud,False,339,2.384185791015625e-07
cloud_only,98,0,200,506.9,cloud,False,334,8.952617645263672e-05
cloud_only,99,0,200,506.49,cloud,False,341,3.0994415283203125e-06
cloud_only,100,0,200,507.374,cloud,False,337,1.1920928955078125e-07
cloud_only,101,0,200,506.787,cloud,False,340,0.0004406571388244629
cloud_only,102,0,200,506.531,cloud,False,334,4.982948303222656e-05
cloud_only,103,0,200,506.763,cloud,False,335,8.344650268554688e-07
cloud_only,104,0,200,506.494,cloud,False,323,5.602836608886719e-06
cloud_only,105,0,200,507.04,cloud,False,343,6.330013275146484e-05
cloud_only,106,0,200,507.699,cloud,False,332,0.0
cloud_only,107,0,200,507.442,cloud,False,342,2.384185791015625e-07
cloud_only,108,0,200,507.016,cloud,False,336,2.2649765014648438e-06
cloud_only,109,0,200,507.517,cloud,False,333,0.027124524116516113
cloud_only,110,0,200,506.405,cloud,False,335,4.744529724121094e-05
cloud_only,111,0,200,507.896,cloud,False,347,1.0967254638671875e-05
cloud_only,112,0,200,506.406,cloud,False,342,5.960464477539062e-07
cloud_only,113,0,200,505.836,cloud,False,341,3.170967102050781e-05
cloud_only,114,0,200,506.629,cloud,False,326,2.9802322387695312e-06
cloud_only,115,0,200,506.034,cloud,False,340,2.300739288330078e-05
cloud_only,116,0,200,505.64,cloud,False,344,1.2278556823730469e-05
cloud_only,117,0,200,505.935,cloud,False,350,1.6689300537109375e-06
cloud_only,118,0,200,505.304,cloud,False,347,2.0265579223632812e-06
cloud_only,119,0,200,506.971,cloud,False,337,5.125999450683594e-06
cloud_only,120,0,200,507.328,cloud,False,351,8.344650268554688e-07
cloud_only,121,0,200,505.447,cloud,False,344,1.6689300537109375e-06
cloud_only,122,0,200,508.326,cloud,False,344,6.496906280517578e-05
cloud_only,123,0,200,510.49,cloud,False,339,1.1920928955078125e-07
cloud_only,124,0,200,508.12,cloud,False,334,3.6954879760742188e-06
cloud_only,125,0,200,510.435,cloud,False,340,4.76837158203125e-07
cloud_only,126,0,200,507.81,cloud,False,339,4.971027374267578e-05
cloud_only,127,0,200,507.891,cloud,False,339,2.7418136596679688e-06
cloud_only,128,0,200,509.948,cloud,False,330,1.7404556274414062e-05
cloud_only,129,0,200,508.409,cloud,False,341,4.38690185546875e-05
cloud_only,130,0,200,508.074,cloud,False,344,1.7881393432617188e-06
cloud_only,131,0,200,508.631,cloud,False,332,6.318092346191406e-06
cloud_only,132,0,200,508.883,cloud,False,339,2.384185791015625e-06
cloud_only,133,0,200,508.336,cloud,False,336,1.5497207641601562e-06
cloud_only,134,0,200,507.591,cloud,False,330,3.314018249511719e-05
cloud_only,135,0,200,508.465,cloud,False,344,6.663799285888672e-05
cloud_only,136,0,200,509.095,cloud,False,344,7.128715515136719e-05
cloud_only,137,0,200,509.169,cloud,False,325,6.9141387939453125e-06
cloud_only,138,1,200,508.83,cloud,False,321,0.9999755620956421
cloud_only,139,0,200,508.549,cloud,False,334,1.9073486328125e-05
cloud_only,140,0,200,509.296,cloud,False,342,4.76837158203125e-07
cloud_only,141,0,200,508.616,cloud,False,347,7.045269012451172e-05
cloud_only,142,0,200,510.212,cloud,False,340,0.00021392107009887695
cloud_only,143,1,200,507.331,cloud,False,334,0.00026494264602661133
cloud_only,144,0,200,509.802,cloud,False,338,1.3113021850585938e-06
cloud_only,145,0,200,509.069,cloud,False,339,8.344650268554688e-07
cloud_only,146,0,200,507.477,cloud,False,338,1.6689300537109375e-06
cloud_only,147,0,200,508.31,cloud,False,327,4.76837158203125e-07
cloud_only,148,0,200,508.837,cloud,False,347,1.1920928955078125e-06
cloud_only,149,0,200,509.791,cloud,False,339,5.626678466796875e-05
cloud_only,150,0,200,509.233,cloud,False,344,3.5762786865234375e-07
cloud_only,151,0,200,509.586,cloud,False,338,7.665157318115234e-05
cloud_only,152,0,200,510.303,cloud,False,333,5.3882598876953125e-05
cloud_only,153,0,200,508.493,cloud,False,346,5.364418029785156e-06
cloud_only,154,0,200,509.211,cloud,False,343,4.410743713378906e-06
cloud_only,155,0,200,508.313,cloud,False,343,6.318092346191406e-06
cloud_only,156,0,200,508.534,cloud,False,338,8.344650268554688e-07
cloud_only,157,0,200,509.152,cloud,False,347,1.1324882507324219e-05
cloud_only,158,0,200,508.895,cloud,False,339,5.960464477539062e-07
cloud_only,159,0,200,508.689,cloud,False,330,1.1920928955078125e-06
cloud_only,160,0,200,509.797,cloud,False,342,1.3113021850585938e-06
cloud_only,161,0,200,510.263,cloud,False,339,2.1457672119140625e-06
cloud_only,162,1,200,507.976,cloud,False,315,0.9995421171188354
cloud_only,163,0,200,509.476,cloud,False,333,2.384185791015625e-06
cloud_only,164,1,200,507.95,cloud,False,338,0.9972723126411438
cloud_only,165,0,200,508.262,cloud,False,342,9.298324584960938e-06
cloud_only,166,0,200,507.773,cloud,False,344,3.731250762939453e-05
cloud_only,167,0,200,507.313,cloud,False,339,2.2649765014648438e-06
cloud_only,168,0,200,506.418,cloud,False,348,0.00358426570892334
cloud_only,169,0,200,507.16,cloud,False,338,6.794929504394531e-06
cloud_only,170,1,200,507.885,cloud,False,327,0.9998699426651001
cloud_only,171,0,200,508.256,cloud,False,336,7.3909759521484375e-06
cloud_only,172,0,200,507.853,cloud,False,332,2.6226043701171875e-05
cloud_only,173,0,200,509.511,cloud,False,342,1.52587890625e-05
cloud_only,174,0,200,507.767,cloud,False,341,0.0005388855934143066
cloud_only,175,0,200,508.01,cloud,False,333,0.00013768672943115234
cloud_only,176,0,200,507.02,cloud,False,342,2.9802322387695312e-06
cloud_only,177,0,200,508.444,cloud,False,341,1.8835067749023438e-05
cloud_only,178,0,200,508.043,cloud,False,342,4.410743713378906e-06
cloud_only,179,0,200,510.573,cloud,False,344,2.86102294921875e-06
cloud_only,180,0,200,507.567,cloud,False,348,0.00019496679306030273
cloud_only,181,0,200,507.549,cloud,False,338,1.430511474609375e-06
cloud_only,182,0,200,509.056,cloud,False,339,9.262561798095703e-05
cloud_only,183,0,200,508.019,cloud,False,336,8.344650268554688e-07
cloud_only,184,0,200,506.864,cloud,False,335,0.00015854835510253906
cloud_only,185,0,200,508.046,cloud,False,337,8.344650268554688e-07
cloud_only,186,0,200,507.717,cloud,False,337,1.6808509826660156e-05
cloud_only,187,0,200,507.898,cloud,False,343,5.960464477539062e-07
cloud_only,188,0,200,506.36,cloud,False,345,1.0848045349121094e-05
cloud_only,189,0,200,507.18,cloud,False,349,1.7642974853515625e-05
cloud_only,190,0,200,507.032,cloud,False,338,4.410743713378906e-06
cloud_only,191,0,200,507.778,cloud,False,332,0.005615592002868652
cloud_only,192,0,200,508.199,cloud,False,342,2.0742416381835938e-05
cloud_only,193,0,200,508.072,cloud,False,339,5.364418029785156e-06
cloud_only,194,0,200,508.673,cloud,False,337,0.00027745962142944336
cloud_only,195,0,200,509.043,cloud,False,327,4.649162292480469e-06
cloud_only,196,0,200,509.717,cloud,False,351,2.384185791015625e-06
cloud_only,197,0,200,508.638,cloud,False,340,6.985664367675781e-05
cloud_only,198,0,200,509.012,cloud,False,341,7.557868957519531e-05
cloud_only,199,0,200,506.352,cloud,False,322,1.1920928955078125e-07
cloud_only,200,0,200,509.048,cloud,False,349,1.811981201171875e-05
cloud_only,201,0,200,510.022,cloud,False,344,5.364418029785156e-06
cloud_only,202,0,200,508.93,cloud,False,333,6.663799285888672e-05
cloud_only,203,1,200,506.875,cloud,False,329,0.9999614953994751
cloud_only,204,1,200,509.087,cloud,False,326,0.9999929666519165
cloud_only,205,0,200,510.919,cloud,False,336,6.198883056640625e-06
cloud_only,206,0,200,506.826,cloud,False,336,9.5367431640625e-07
cloud_only,207,0,200,510.111,cloud,False,339,1.7881393432617188e-06
cloud_only,208,0,200,509.336,cloud,False,339,0.0014917254447937012
cloud_only,209,0,200,511.494,cloud,False,341,4.6133995056152344e-05
cloud_only,210,0,200,508.273,cloud,False,320,1.1920928955078125e-07
cloud_only,211,1,200,508.613,cloud,False,320,0.9999384880065918
cloud_only,212,0,200,507.394,cloud,False,337,0.0007529258728027344
cloud_only,213,0,200,508.531,cloud,False,339,0.0002754330635070801
cloud_only,214,0,200,508.416,cloud,False,324,2.8014183044433594e-05
cloud_only,215,0,200,506.441,cloud,False,345,4.780292510986328e-05
cloud_only,216,0,200,506.204,cloud,False,343,1.1444091796875e-05
cloud_only,217,0,200,507.021,cloud,False,342,9.500980377197266e-05
cloud_only,218,0,200,506.907,cloud,False,340,0.00011050701141357422
cloud_only,219,0,200,506.202,cloud,False,342,1.811981201171875e-05
cloud_only,220,0,200,506.82,cloud,False,350,7.224082946777344e-05
cloud_only,221,0,200,507.657,cloud,False,339,1.3113021850585938e-05
cloud_only,222,0,200,507.897,cloud,False,344,7.152557373046875e-07
cloud_only,223,0,200,507.105,cloud,False,332,2.5033950805664062e-06
cloud_only,224,0,200,507.259,cloud,False,342,1.0728836059570312e-06
cloud_only,225,0,200,508.102,cloud,False,340,6.556510925292969e-06
cloud_only,226,0,200,507.878,cloud,False,341,8.821487426757812e-06
cloud_only,227,0,200,507.453,cloud,False,342,2.1457672119140625e-06
cloud_only,228,0,200,506.92,cloud,False,340,3.5762786865234375e-07
cloud_only,229,0,200,507.866,cloud,False,345,6.556510925292969e-06
cloud_only,230,0,200,507.407,cloud,False,335,0.00044602155685424805
cloud_only,231,0,200,508.756,cloud,False,340,1.7881393432617188e-06
cloud_only,232,0,200,507.393,cloud,False,339,4.172325134277344e-06
cloud_only,233,0,200,508.295,cloud,False,334,1.5974044799804688e-05
cloud_only,234,0,200,509.282,cloud,False,345,1.1086463928222656e-05
cloud_only,235,0,200,509.145,cloud,False,345,3.0994415283203125e-06
cloud_only,236,0,200,509.769,cloud,False,341,1.1801719665527344e-05
cloud_only,237,0,200,511.053,cloud,False,336,1.633167266845703e-05
cloud_only,238,0,200,507.726,cloud,False,339,0.001969635486602783
cloud_only,239,0,200,510.05,cloud,False,338,1.430511474609375e-06
cloud_only,240,0,200,506.605,cloud,False,338,2.1219253540039062e-05
cloud_only,241,0,200,506.976,cloud,False,329,2.384185791015625e-07
cloud_only,242,0,200,508.166,cloud,False,339,3.5762786865234375e-06
cloud_only,243,0,200,508.604,cloud,False,335,1.1920928955078125e-06
cloud_only,244,1,200,509.081,cloud,False,326,0.17094147205352783
cloud_only,245,0,200,508.592,cloud,False,341,8.344650268554688e-07
cloud_only,246,0,200,508.693,cloud,False,341,1.5020370483398438e-05
cloud_only,247,0,200,507.512,cloud,False,343,5.0067901611328125e-05
cloud_only,248,0,200,508.676,cloud,False,342,6.61611557006836e-05
cloud_only,249,0,200,508.445,cloud,False,331,4.1484832763671875e-05
cloud_only,250,0,200,510.368,cloud,False,335,2.6226043701171875e-06
cloud_only,251,0,200,507.938,cloud,False,339,8.213520050048828e-05
cloud_only,252,0,200,508.771,cloud,False,349,8.344650268554688e-06
cloud_only,253,0,200,507.605,cloud,False,330,1.5854835510253906e-05
cloud_only,254,0,200,507.6,cloud,False,346,1.6689300537109375e-06
cloud_only,255,0,200,505.741,cloud,False,338,9.298324584960938e-06
cloud_only,256,0,200,507.738,cloud,False,326,2.384185791015625e-07
cloud_only,257,0,200,508.602,cloud,False,338,0.0
cloud_only,258,0,200,506.385,cloud,False,333,0.003429412841796875
cloud_only,259,0,200,506.15,cloud,False,342,2.4437904357910156e-05
cloud_only,260,0,200,508.056,cloud,False,329,0.45201367139816284
cloud_only,261,0,200,508.833,cloud,False,344,7.271766662597656e-06
cloud_only,262,0,200,506.714,cloud,False,339,0.0001360177993774414
cloud_only,263,0,200,507.529,cloud,False,353,2.0265579223632812e-06
cloud_only,264,0,200,506.836,cloud,False,330,1.9073486328125e-06
cloud_only,265,0,200,508.425,cloud,False,337,7.152557373046875e-07
cloud_only,266,0,200,507.048,cloud,False,337,0.0002314448356628418
cloud_only,267,0,200,508.383,cloud,False,344,3.5762786865234375e-07
cloud_only,268,0,200,507.464,cloud,False,332,0.00033867359161376953
cloud_only,269,0,200,508.046,cloud,False,349,3.7670135498046875e-05
cloud_only,270,0,200,509.368,cloud,False,341,2.0265579223632812e-06
cloud_only,271,0,200,508.161,cloud,False,343,0.004075050354003906
cloud_only,272,0,200,508.045,cloud,False,343,3.993511199951172e-05
cloud_only,273,0,200,508.097,cloud,False,332,9.5367431640625e-07
cloud_only,274,0,200,506.574,cloud,False,340,0.008290588855743408
cloud_only,275,0,200,507.948,cloud,False,348,5.960464477539062e-07
cloud_only,276,0,200,509.479,cloud,False,340,6.198883056640625e-06
cloud_only,277,0,200,509.608,cloud,False,346,0.00015997886657714844
cloud_only,278,0,200,508.51,cloud,False,343,1.7881393432617188e-05
cloud_only,279,0,200,506.828,cloud,False,342,0.00010597705841064453
cloud_only,280,1,200,507.826,cloud,False,321,0.9999901056289673
cloud_only,281,0,200,508.26,cloud,False,350,1.0848045349121094e-05
cloud_only,282,0,200,509.168,cloud,False,337,1.3113021850585938e-06
cloud_only,283,0,200,507.539,cloud,False,347,9.775161743164062e-06
cloud_only,284,0,200,508.989,cloud,False,331,1.3113021850585938e-06
cloud_only,285,0,200,510.041,cloud,False,335,0.00019532442092895508
cloud_only,286,0,200,508.559,cloud,False,333,9.655952453613281e-06
cloud_only,287,1,200,514.147,cloud,False,321,0.9866543412208557
cloud_only,288,0,200,508.237,cloud,False,336,1.0371208190917969e-05
cloud_only,289,1,200,507.797,cloud,False,324,0.7539046406745911
cloud_only,290,0,200,507.771,cloud,False,343,2.0265579223632812e-06
cloud_only,291,0,200,509.34,cloud,False,327,0.00029736757278442383
cloud_only,292,0,200,507.326,cloud,False,343,1.1920928955078125e-07
cloud_only,293,1,200,509.423,cloud,False,321,0.9999755620956421
cloud_only,294,0,200,508.707,cloud,False,344,0.0014660358428955078
cloud_only,295,0,200,512.196,cloud,False,331,1.1920928955078125e-06
cloud_only,296,0,200,508.747,cloud,False,339,1.1920928955078125e-07
cloud_only,297,0,200,507.929,cloud,False,337,9.572505950927734e-05
cloud_only,298,0,200,507.334,cloud,False,339,4.5180320739746094e-05
cloud_only,299,0,200,510.435,cloud,False,341,5.960464477539062e-07
hybrid,0,0,200,1.431,edge,False,0,2.384185791015625e-06
hybrid,1,0,200,10.176,edge,False,0,5.4836273193359375e-06
hybrid,2,0,200,0.932,edge,False,0,2.384185791015625e-07
hybrid,3,0,200,0.573,edge,False,0,3.0994415283203125e-06
hybrid,4,0,200,0.492,edge,False,0,2.384185791015625e-07
hybrid,5,0,200,0.47,edge,False,0,3.62396240234375e-05
hybrid,6,0,200,0.454,edge,False,0,6.580352783203125e-05
hybrid,7,1,200,0.696,edge,False,0,0.9997473359107971
hybrid,8,0,200,0.538,edge,False,0,1.52587890625e-05
hybrid,9,0,200,0.855,edge,False,0,2.384185791015625e-07
hybrid,10,0,200,0.619,edge,False,0,5.960464477539062e-07
hybrid,11,0,200,0.607,edge,False,0,7.152557373046875e-06
hybrid,12,0,200,0.947,edge,False,0,3.337860107421875e-06
hybrid,13,0,200,0.61,edge,False,0,1.3113021850585938e-06
hybrid,14,0,200,0.636,edge,False,0,2.5033950805664062e-06
hybrid,15,0,200,0.587,edge,False,0,3.6954879760742188e-06
hybrid,16,0,200,0.571,edge,False,0,2.384185791015625e-07
hybrid,17,0,200,0.547,edge,False,0,5.8531761169433594e-05
hybrid,18,0,200,0.531,edge,False,0,3.6954879760742188e-06
hybrid,19,0,200,0.5,edge,False,0,0.02672630548477173
hybrid,20,0,200,0.78,edge,False,0,5.125999450683594e-06
hybrid,21,0,200,0.548,edge,False,0,4.673004150390625e-05
hybrid,22,0,200,0.576,edge,False,0,6.556510925292969e-06
hybrid,23,0,200,0.652,edge,False,0,7.033348083496094e-06
hybrid,24,0,200,0.566,edge,False,0,0.0
hybrid,25,0,200,0.707,edge,False,0,2.1696090698242188e-05
hybrid,26,0,200,0.563,edge,False,0,1.823902130126953e-05
hybrid,27,0,200,0.461,edge,False,0,1.800060272216797e-05
hybrid,28,0,200,0.445,edge,False,0,2.384185791015625e-07
hybrid,29,1,200,0.616,edge,False,0,0.9756789803504944
hybrid,30,0,200,0.471,edge,False,0,9.655952453613281e-06
hybrid,31,0,200,0.442,edge,False,0,2.5033950805664062e-06
hybrid,32,0,200,0.448,edge,False,0,9.5367431640625e-07
hybrid,33,0,200,0.451,edge,False,0,1.1920928955078125e-07
hybrid,34,0,200,0.446,edge,False,0,2.658367156982422e-05
hybrid,35,0,200,0.529,edge,False,0,1.1682510375976562e-05
hybrid,36,0,200,0.516,edge,False,0,1.1920928955078125e-06
hybrid,37,0,200,0.707,edge,False,0,2.384185791015625e-07
hybrid,38,0,200,0.695,edge,False,0,1.1920928955078125e-07
hybrid,39,0,200,0.651,edge,False,0,9.5367431640625e-07
hybrid,40,0,200,0.758,edge,False,0,4.112720489501953e-05
hybrid,41,0,200,0.558,edge,False,0,4.887580871582031e-06
hybrid,42,0,200,0.465,edge,False,0,4.172325134277344e-06
hybrid,43,0,200,0.451,edge,False,0,2.5033950805664062e-06
hybrid,44,0,200,0.45,edge,False,0,4.744529724121094e-05
hybrid,45,1,200,0.449,edge,False,0,5.4955482482910156e-05
hybrid,46,0,200,0.44,edge,False,0,1.0728836059570312e-06
hybrid,47,0,200,0.843,edge,False,0,1.5497207641601562e-06
hybrid,48,0,200,0.833,edge,False,0,0.00020140409469604492
hybrid,49,0,200,0.606,edge,False,0,4.76837158203125e-07
hybrid,50,0,200,0.515,edge,False,0,1.6927719116210938e-05
hybrid,51,0,200,0.704,edge,False,0,1.0728836059570312e-06
hybrid,52,0,200,0.664,edge,False,0,2.86102294921875e-06
hybrid,53,0,200,0.749,edge,False,0,3.0994415283203125e-06
hybrid,54,0,200,0.592,edge,False,0,1.7881393432617188e-06
hybrid,55,0,200,0.459,edge,False,0,4.1484832763671875e-05
hybrid,56,0,200,0.437,edge,False,0,1.1920928955078125e-05
hybrid,57,1,200,0.435,edge,False,0,0.9998058676719666
hybrid,58,1,200,0.428,edge,False,0,0.999462902545929
hybrid,59,0,200,0.431,edge,False,0,5.960464477539062e-07
hybrid,60,0,200,0.429,edge,False,0,8.249282836914062e-05
hybrid,61,0,200,0.431,edge,False,0,4.76837158203125e-07
hybrid,62,0,200,0.481,edge,False,0,5.53131103515625e-05
hybrid,63,0,200,0.441,edge,False,0,7.152557373046875e-07
hybrid,64,0,200,0.431,edge,False,0,4.887580871582031e-06
hybrid,65,0,200,0.441,edge,False,0,7.3909759521484375e-06
hybrid,66,0,200,0.474,edge,False,0,8.344650268554688e-07
hybrid,67,0,200,0.54,edge,False,0,1.5497207641601562e-06
hybrid,68,0,200,0.529,edge,False,0,1.1324882507324219e-05
hybrid,69,0,200,0.537,edge,False,0,1.1920928955078125e-07
hybrid,70,0,200,0.861,edge,False,0,4.172325134277344e-06
hybrid,71,1,200,0.689,edge,False,0,0.9999955892562866
hybrid,72,0,200,0.51,edge,False,0,1.2993812561035156e-05
hybrid,73,0,200,0.619,edge,False,0,2.384185791015625e-07
hybrid,74,0,200,0.436,edge,False,0,3.528594970703125e-05
hybrid,75,0,200,0.421,edge,False,0,2.7179718017578125e-05
hybrid,76,0,200,0.452,edge,False,0,1.2755393981933594e-05
hybrid,77,0,200,0.479,edge,False,0,0.0007737874984741211
hybrid,78,0,200,0.441,edge,False,0,4.76837158203125e-06
hybrid,79,0,200,0.428,edge,False,0,1.1682510375976562e-05
hybrid,80,0,200,0.425,edge,False,0,2.0265579223632812e-06
hybrid,81,0,200,0.477,edge,False,0,0.0001913905143737793
hybrid,82,0,200,0.453,edge,False,0,1.7881393432617188e-06
hybrid,83,0,200,0.425,edge,False,0,1.0728836059570312e-06
hybrid,84,0,200,0.532,edge,False,0,5.245208740234375e-06
hybrid,85,0,200,0.615,edge,False,0,2.586841583251953e-05
hybrid,86,0,200,0.543,edge,False,0,1.919269561767578e-05
hybrid,87,0,200,0.477,edge,False,0,0.0001016855239868164
hybrid,88,0,200,0.433,edge,False,0,9.894371032714844e-06
hybrid,89,0,200,0.43,edge,False,0,1.6689300537109375e-06
hybrid,90,0,200,0.423,edge,False,0,9.179115295410156e-06
hybrid,91,0,200,0.419,edge,False,0,0.0
hybrid,92,0,200,0.43,edge,False,0,7.987022399902344e-05
hybrid,93,0,200,0.426,edge,False,0,1.0609626770019531e-05
hybrid,94,0,200,0.418,edge,False,0,5.960464477539062e-07
hybrid,95,0,200,0.64,edge,False,0,7.236003875732422e-05
hybrid,96,0,200,0.438,edge,False,0,6.365776062011719e-05
hybrid,97,0,200,0.431,edge,False,0,2.384185791015625e-07
hybrid,98,0,200,0.438,edge,False,0,8.952617645263672e-05
hybrid,99,0,200,0.526,edge,False,0,3.0994415283203125e-06
hybrid,100,0,200,0.562,edge,False,0,1.1920928955078125e-07
hybrid,101,0,200,0.658,edge,False,0,0.0004406571388244629
hybrid,102,0,200,0.686,edge,False,0,4.982948303222656e-05
hybrid,103,0,200,0.454,edge,False,0,8.344650268554688e-07
hybrid,104,0,200,0.426,edge,False,0,5.602836608886719e-06
hybrid,105,0,200,0.477,edge,False,0,6.330013275146484e-05
hybrid,106,0,200,0.426,edge,False,0,0.0
hybrid,107,0,200,0.432,edge,False,0,2.384185791015625e-07
hybrid,108,0,200,0.433,edge,False,0,2.2649765014648438e-06
hybrid,109,0,200,0.424,edge,False,0,0.027124524116516113
hybrid,110,0,200,0.423,edge,False,0,4.744529724121094e-05
hybrid,111,0,200,0.423,edge,False,0,1.0967254638671875e-05
hybrid,112,0,200,0.468,edge,False,0,5.960464477539062e-07
hybrid,113,0,200,0.431,edge,False,0,3.170967102050781e-05
hybrid,114,0,200,0.424,edge,False,0,2.9802322387695312e-06
hybrid,115,0,200,0.423,edge,False,0,2.300739288330078e-05
hybrid,116,0,200,0.532,edge,False,0,1.2278556823730469e-05
hybrid,117,0,200,0.501,edge,False,0,1.6689300537109375e-06
hybrid,118,0,200,0.803,edge,False,0,2.0265579223632812e-06
hybrid,119,0,200,0.553,edge,False,0,5.125999450683594e-06
hybrid,120,0,200,0.465,edge,False,0,8.344650268554688e-07
hybrid,121,0,200,0.431,edge,False,0,1.6689300537109375e-06
hybrid,122,0,200,0.425,edge,False,0,6.496906280517578e-05
hybrid,123,0,200,0.429,edge,False,0,1.1920928955078125e-07
hybrid,124,0,200,0.484,edge,False,0,3.6954879760742188e-06
hybrid,125,0,200,0.443,edge,False,0,4.76837158203125e-07
hybrid,126,0,200,0.437,edge,False,0,4.971027374267578e-05
hybrid,127,0,200,0.461,edge,False,0,2.7418136596679688e-06
hybrid,128,0,200,0.446,edge,False,0,1.7404556274414062e-05
hybrid,129,0,200,0.427,edge,False,0,4.38690185546875e-05
hybrid,130,0,200,0.426,edge,False,0,1.7881393432617188e-06
hybrid,131,0,200,0.428,edge,False,0,6.318092346191406e-06
hybrid,132,0,200,0.431,edge,False,0,2.384185791015625e-06
hybrid,133,0,200,0.471,edge,False,0,1.5497207641601562e-06
hybrid,134,0,200,0.487,edge,False,0,3.314018249511719e-05
hybrid,135,0,200,0.645,edge,False,0,6.663799285888672e-05
hybrid,136,0,200,0.569,edge,False,0,7.128715515136719e-05
hybrid,137,0,200,0.469,edge,False,0,6.9141387939453125e-06
hybrid,138,1,200,0.438,edge,False,0,0.9999755620956421
hybrid,139,0,200,0.429,edge,False,0,1.9073486328125e-05
hybrid,140,0,200,0.479,edge,False,0,4.76837158203125e-07
hybrid,141,0,200,0.567,edge,False,0,7.045269012451172e-05
hybrid,142,0,200,0.436,edge,False,0,0.00021392107009887695
hybrid,143,1,200,0.431,edge,False,0,0.00026494264602661133
hybrid,144,0,200,0.428,edge,False,0,1.3113021850585938e-06
hybrid,145,0,200,0.42,edge,False,0,8.344650268554688e-07
hybrid,146,0,200,0.418,edge,False,0,1.6689300537109375e-06
hybrid,147,0,200,0.415,edge,False,0,4.76837158203125e-07
hybrid,148,0,200,0.418,edge,False,0,1.1920928955078125e-06
hybrid,149,0,200,0.417,edge,False,0,5.626678466796875e-05
hybrid,150,0,200,0.43,edge,False,0,3.5762786865234375e-07
hybrid,151,0,200,0.478,edge,False,0,7.665157318115234e-05
hybrid,152,0,200,0.7,edge,False,0,5.3882598876953125e-05
hybrid,153,0,200,0.511,edge,False,0,5.364418029785156e-06
hybrid,154,0,200,0.44,edge,False,0,4.410743713378906e-06
hybrid,155,0,200,0.429,edge,False,0,6.318092346191406e-06
hybrid,156,0,200,0.427,edge,False,0,8.344650268554688e-07
hybrid,157,0,200,0.441,edge,False,0,1.1324882507324219e-05
hybrid,158,0,200,0.429,edge,False,0,5.960464477539062e-07
hybrid,159,0,200,0.434,edge,False,0,1.1920928955078125e-06
hybrid,160,0,200,0.428,edge,False,0,1.3113021850585938e-06
hybrid,161,0,200,0.425,edge,False,0,2.1457672119140625e-06
hybrid,162,1,200,0.426,edge,False,0,0.9995421171188354
hybrid,163,0,200,0.424,edge,False,0,2.384185791015625e-06
hybrid,164,1,200,0.555,edge,False,0,0.9972723126411438
hybrid,165,0,200,0.442,edge,False,0,9.298324584960938e-06
hybrid,166,0,200,0.437,edge,False,0,3.731250762939453e-05
hybrid,167,0,200,0.563,edge,False,0,2.2649765014648438e-06
hybrid,168,0,200,0.525,edge,False,0,0.00358426570892334
hybrid,169,0,200,0.693,edge,False,0,6.794929504394531e-06
hybrid,170,1,200,0.609,edge,False,0,0.9998699426651001
hybrid,171,0,200,0.497,edge,False,0,7.3909759521484375e-06
hybrid,172,0,200,0.433,edge,False,0,2.6226043701171875e-05
hybrid,173,0,200,0.426,edge,False,0,1.52587890625e-05
hybrid,174,0,200,0.424,edge,False,0,0.0005388855934143066
hybrid,175,0,200,0.424,edge,False,0,0.00013768672943115234
hybrid,176,0,200,0.427,edge,False,0,2.9802322387695312e-06
hybrid,177,0,200,0.442,edge,False,0,1.8835067749023438e-05
hybrid,178,0,200,0.434,edge,False,0,4.410743713378906e-06
hybrid,179,0,200,0.424,edge,False,0,2.86102294921875e-06
hybrid,180,0,200,0.427,edge,False,0,0.00019496679306030273
hybrid,181,0,200,0.485,edge,False,0,1.430511474609375e-06
hybrid,182,0,200,0.503,edge,False,0,9.262561798095703e-05
hybrid,183,0,200,0.439,edge,False,0,8.344650268554688e-07
hybrid,184,0,200,0.436,edge,False,0,0.00015854835510253906
hybrid,185,0,200,0.463,edge,False,0,8.344650268554688e-07
hybrid,186,0,200,0.602,edge,False,0,1.6808509826660156e-05
hybrid,187,0,200,0.68,edge,False,0,5.960464477539062e-07
hybrid,188,0,200,0.477,edge,False,0,1.0848045349121094e-05
hybrid,189,0,200,0.452,edge,False,0,1.7642974853515625e-05
hybrid,190,0,200,0.465,edge,False,0,4.410743713378906e-06
hybrid,191,0,200,0.492,edge,False,0,0.005615592002868652
hybrid,192,0,200,0.546,edge,False,0,2.0742416381835938e-05
hybrid,193,0,200,0.504,edge,False,0,5.364418029785156e-06
hybrid,194,0,200,0.497,edge,False,0,0.00027745962142944336
hybrid,195,0,200,0.55,edge,False,0,4.649162292480469e-06
hybrid,196,0,200,0.537,edge,False,0,2.384185791015625e-06
hybrid,197,0,200,0.451,edge,False,0,6.985664367675781e-05
hybrid,198,0,200,0.436,edge,False,0,7.557868957519531e-05
hybrid,199,0,200,0.425,edge,False,0,1.1920928955078125e-07
hybrid,200,0,200,0.427,edge,False,0,1.811981201171875e-05
hybrid,201,0,200,0.422,edge,False,0,5.364418029785156e-06
hybrid,202,0,200,0.544,edge,False,0,6.663799285888672e-05
hybrid,203,1,200,0.638,edge,False,0,0.9999614953994751
hybrid,204,1,200,0.469,edge,False,0,0.9999929666519165
hybrid,205,0,200,0.458,edge,False,0,6.198883056640625e-06
hybrid,206,0,200,0.454,edge,False,0,9.5367431640625e-07
hybrid,207,0,200,0.547,edge,False,0,1.7881393432617188e-06
hybrid,208,0,200,0.589,edge,False,0,0.0014917254447937012
hybrid,209,0,200,0.517,edge,False,0,4.6133995056152344e-05
hybrid,210,0,200,0.69,edge,False,0,1.1920928955078125e-07
hybrid,211,1,200,0.475,edge,False,0,0.9999384880065918
hybrid,212,0,200,0.446,edge,False,0,0.0007529258728027344
hybrid,213,0,200,0.43,edge,False,0,0.0002754330635070801
hybrid,214,0,200,0.431,edge,False,0,2.8014183044433594e-05
hybrid,215,0,200,0.424,edge,False,0,4.780292510986328e-05
hybrid,216,0,200,0.423,edge,False,0,1.1444091796875e-05
hybrid,217,0,200,0.416,edge,False,0,9.500980377197266e-05
hybrid,218,0,200,0.537,edge,False,0,0.00011050701141357422
hybrid,219,0,200,0.672,edge,False,0,1.811981201171875e-05
hybrid,220,0,200,0.493,edge,False,0,7.224082946777344e-05
hybrid,221,0,200,0.469,edge,False,0,1.3113021850585938e-05
hybrid,222,0,200,0.468,edge,False,0,7.152557373046875e-07
hybrid,223,0,200,0.438,edge,False,0,2.5033950805664062e-06
hybrid,224,0,200,0.429,edge,False,0,1.0728836059570312e-06
hybrid,225,0,200,0.428,edge,False,0,6.556510925292969e-06
hybrid,226,0,200,0.425,edge,False,0,8.821487426757812e-06
hybrid,227,0,200,0.493,edge,False,0,2.1457672119140625e-06
hybrid,228,0,200,0.483,edge,False,0,3.5762786865234375e-07
hybrid,229,0,200,0.467,edge,False,0,6.556510925292969e-06
hybrid,230,0,200,0.478,edge,False,0,0.00044602155685424805
hybrid,231,0,200,0.442,edge,False,0,1.7881393432617188e-06
hybrid,232,0,200,0.446,edge,False,0,4.172325134277344e-06
hybrid,233,0,200,0.587,edge,False,0,1.5974044799804688e-05
hybrid,234,0,200,0.468,edge,False,0,1.1086463928222656e-05
hybrid,235,0,200,0.624,edge,False,0,3.0994415283203125e-06
hybrid,236,0,200,0.546,edge,False,0,1.1801719665527344e-05
hybrid,237,0,200,0.637,edge,False,0,1.633167266845703e-05
hybrid,238,0,200,0.603,edge,False,0,0.001969635486602783
hybrid,239,0,200,0.587,edge,False,0,1.430511474609375e-06
hybrid,240,0,200,0.464,edge,False,0,2.1219253540039062e-05
hybrid,241,0,200,0.492,edge,False,0,2.384185791015625e-07
hybrid,242,0,200,0.474,edge,False,0,3.5762786865234375e-06
hybrid,243,0,200,0.465,edge,False,0,1.1920928955078125e-06
hybrid,244,1,200,505.069,cloud,False,326,0.17094147205352783
hybrid,245,0,200,1.329,edge,False,0,8.344650268554688e-07
hybrid,246,0,200,13.41,edge,False,0,1.5020370483398438e-05
hybrid,247,0,200,2.426,edge,False,0,5.0067901611328125e-05
hybrid,248,0,200,0.972,edge,False,0,6.61611557006836e-05
hybrid,249,0,200,1.134,edge,False,0,4.1484832763671875e-05
hybrid,250,0,200,0.767,edge,False,0,2.6226043701171875e-06
hybrid,251,0,200,0.51,edge,False,0,8.213520050048828e-05
hybrid,252,0,200,0.493,edge,False,0,8.344650268554688e-06
hybrid,253,0,200,0.467,edge,False,0,1.5854835510253906e-05
hybrid,254,0,200,0.457,edge,False,0,1.6689300537109375e-06
hybrid,255,0,200,0.449,edge,False,0,9.298324584960938e-06
hybrid,256,0,200,0.641,edge,False,0,2.384185791015625e-07
hybrid,257,0,200,1.135,edge,False,0,0.0
hybrid,258,0,200,0.997,edge,False,0,0.003429412841796875
hybrid,259,0,200,0.732,edge,False,0,2.4437904357910156e-05
hybrid,260,0,200,506.712,cloud,False,329,0.45201367139816284
hybrid,261,0,200,16.157,edge,False,0,7.271766662597656e-06
hybrid,262,0,200,3.041,edge,False,0,0.0001360177993774414
hybrid,263,0,200,0.877,edge,False,0,2.0265579223632812e-06
hybrid,264,0,200,0.755,edge,False,0,1.9073486328125e-06
hybrid,265,0,200,0.658,edge,False,0,7.152557373046875e-07
hybrid,266,0,200,0.478,edge,False,0,0.0002314448356628418
hybrid,267,0,200,0.466,edge,False,0,3.5762786865234375e-07
hybrid,268,0,200,0.462,edge,False,0,0.00033867359161376953
hybrid,269,0,200,0.478,edge,False,0,3.7670135498046875e-05
hybrid,270,0,200,0.456,edge,False,0,2.0265579223632812e-06
hybrid,271,0,200,0.47,edge,False,0,0.004075050354003906
hybrid,272,0,200,0.501,edge,False,0,3.993511199951172e-05
hybrid,273,0,200,0.663,edge,False,0,9.5367431640625e-07
hybrid,274,0,200,0.59,edge,False,0,0.008290588855743408
hybrid,275,0,200,0.564,edge,False,0,5.960464477539062e-07
hybrid,276,0,200,0.612,edge,False,0,6.198883056640625e-06
hybrid,277,0,200,0.539,edge,False,0,0.00015997886657714844
hybrid,278,0,200,0.513,edge,False,0,1.7881393432617188e-05
hybrid,279,0,200,0.682,edge,False,0,0.00010597705841064453
hybrid,280,1,200,0.493,edge,False,0,0.9999901056289673
hybrid,281,0,200,0.602,edge,False,0,1.0848045349121094e-05
hybrid,282,0,200,0.62,edge,False,0,1.3113021850585938e-06
hybrid,283,0,200,0.704,edge,False,0,9.775161743164062e-06
hybrid,284,0,200,0.76,edge,False,0,1.3113021850585938e-06
hybrid,285,0,200,0.647,edge,False,0,0.00019532442092895508
hybrid,286,0,200,0.666,edge,False,0,9.655952453613281e-06
hybrid,287,1,200,0.635,edge,False,0,0.9866543412208557
hybrid,288,0,200,0.594,edge,False,0,1.0371208190917969e-05
hybrid,289,1,200,507.7,cloud,False,324,0.7539046406745911
hybrid,290,0,200,16.482,edge,False,0,2.0265579223632812e-06
hybrid,291,0,200,4.056,edge,False,0,0.00029736757278442383
hybrid,292,0,200,0.714,edge,False,0,1.1920928955078125e-07
hybrid,293,1,200,0.977,edge,False,0,0.9999755620956421
hybrid,294,0,200,0.739,edge,False,0,0.0014660358428955078
hybrid,295,0,200,0.859,edge,False,0,1.1920928955078125e-06
hybrid,296,0,200,0.686,edge,False,0,1.1920928955078125e-07
hybrid,297,0,200,0.618,edge,False,0,9.572505950927734e-05
hybrid,298,0,200,0.645,edge,False,0,4.5180320739746094e-05
hybrid,299,0,200,0.51,edge,False,0,5.960464477539062e-07
edge_only,0,0,200,0.803,edge,False,0,2.384185791015625e-06
edge_only,1,0,200,0.5,edge,False,0,5.4836273193359375e-06
edge_only,2,0,200,0.458,edge,False,0,2.384185791015625e-07
edge_only,3,0,200,0.453,edge,False,0,3.0994415283203125e-06
edge_only,4,0,200,0.448,edge,False,0,2.384185791015625e-07
edge_only,5,0,200,0.531,edge,False,0,3.62396240234375e-05
edge_only,6,0,200,0.807,edge,False,0,6.580352783203125e-05
edge_only,7,1,200,0.784,edge,False,0,0.9997473359107971
edge_only,8,0,200,0.671,edge,False,0,1.52587890625e-05
edge_only,9,0,200,0.515,edge,False,0,2.384185791015625e-07
edge_only,10,0,200,0.458,edge,False,0,5.960464477539062e-07
edge_only,11,0,200,0.458,edge,False,0,7.152557373046875e-06
edge_only,12,0,200,0.475,edge,False,0,3.337860107421875e-06
edge_only,13,0,200,0.456,edge,False,0,1.3113021850585938e-06
edge_only,14,0,200,0.46,edge,False,0,2.5033950805664062e-06
edge_only,15,0,200,0.446,edge,False,0,3.6954879760742188e-06
edge_only,16,0,200,0.462,edge,False,0,2.384185791015625e-07
edge_only,17,0,200,0.453,edge,False,0,5.8531761169433594e-05
edge_only,18,0,200,0.45,edge,False,0,3.6954879760742188e-06
edge_only,19,0,200,0.439,edge,False,0,0.02672630548477173
edge_only,20,0,200,0.444,edge,False,0,5.125999450683594e-06
edge_only,21,0,200,0.697,edge,False,0,4.673004150390625e-05
edge_only,22,0,200,0.616,edge,False,0,6.556510925292969e-06
edge_only,23,0,200,0.68,edge,False,0,7.033348083496094e-06
edge_only,24,0,200,0.641,edge,False,0,0.0
edge_only,25,0,200,0.562,edge,False,0,2.1696090698242188e-05
edge_only,26,0,200,0.542,edge,False,0,1.823902130126953e-05
edge_only,27,0,200,0.454,edge,False,0,1.800060272216797e-05
edge_only,28,0,200,0.449,edge,False,0,2.384185791015625e-07
edge_only,29,1,200,0.447,edge,False,0,0.9756789803504944
edge_only,30,0,200,0.444,edge,False,0,9.655952453613281e-06
edge_only,31,0,200,0.438,edge,False,0,2.5033950805664062e-06
edge_only,32,0,200,0.445,edge,False,0,9.5367431640625e-07
edge_only,33,0,200,0.452,edge,False,0,1.1920928955078125e-07
edge_only,34,0,200,0.445,edge,False,0,2.658367156982422e-05
edge_only,35,0,200,0.441,edge,False,0,1.1682510375976562e-05
edge_only,36,0,200,0.543,edge,False,0,1.1920928955078125e-06
edge_only,37,0,200,0.66,edge,False,0,2.384185791015625e-07
edge_only,38,0,200,0.483,edge,False,0,1.1920928955078125e-07
edge_only,39,0,200,0.628,edge,False,0,9.5367431640625e-07
edge_only,40,0,200,0.558,edge,False,0,4.112720489501953e-05
edge_only,41,0,200,0.488,edge,False,0,4.887580871582031e-06
edge_only,42,0,200,0.45,edge,False,0,4.172325134277344e-06
edge_only,43,0,200,0.436,edge,False,0,2.5033950805664062e-06
edge_only,44,0,200,0.445,edge,False,0,4.744529724121094e-05
edge_only,45,1,200,0.482,edge,False,0,5.4955482482910156e-05
edge_only,46,0,200,0.591,edge,False,0,1.0728836059570312e-06
edge_only,47,0,200,0.459,edge,False,0,1.5497207641601562e-06
edge_only,48,0,200,0.45,edge,False,0,0.00020140409469604492
edge_only,49,0,200,0.446,edge,False,0,4.76837158203125e-07
edge_only,50,0,200,0.436,edge,False,0,1.6927719116210938e-05
edge_only,51,0,200,0.432,edge,False,0,1.0728836059570312e-06
edge_only,52,0,200,0.519,edge,False,0,2.86102294921875e-06
edge_only,53,0,200,0.603,edge,False,0,3.0994415283203125e-06
edge_only,54,0,200,0.538,edge,False,0,1.7881393432617188e-06
edge_only,55,0,200,0.49,edge,False,0,4.1484832763671875e-05
edge_only,56,0,200,0.493,edge,False,0,1.1920928955078125e-05
edge_only,57,1,200,0.463,edge,False,0,0.9998058676719666
edge_only,58,1,200,0.504,edge,False,0,0.999462902545929
edge_only,59,0,200,0.633,edge,False,0,5.960464477539062e-07
edge_only,60,0,200,0.559,edge,False,0,8.249282836914062e-05
edge_only,61,0,200,0.46,edge,False,0,4.76837158203125e-07
edge_only,62,0,200,0.445,edge,False,0,5.53131103515625e-05
edge_only,63,0,200,0.439,edge,False,0,7.152557373046875e-07
edge_only,64,0,200,0.436,edge,False,0,4.887580871582031e-06
edge_only,65,0,200,0.469,edge,False,0,7.3909759521484375e-06
edge_only,66,0,200,0.449,edge,False,0,8.344650268554688e-07
edge_only,67,0,200,0.442,edge,False,0,1.5497207641601562e-06
edge_only,68,0,200,0.581,edge,False,0,1.1324882507324219e-05
edge_only,69,0,200,0.924,edge,False,0,1.1920928955078125e-07
edge_only,70,0,200,0.5,edge,False,0,4.172325134277344e-06
edge_only,71,1,200,0.573,edge,False,0,0.9999955892562866
edge_only,72,0,200,0.904,edge,False,0,1.2993812561035156e-05
edge_only,73,0,200,0.775,edge,False,0,2.384185791015625e-07
edge_only,74,0,200,0.645,edge,False,0,3.528594970703125e-05
edge_only,75,0,200,0.56,edge,False,0,2.7179718017578125e-05
edge_only,76,0,200,0.473,edge,False,0,1.2755393981933594e-05
edge_only,77,0,200,0.461,edge,False,0,0.0007737874984741211
edge_only,78,0,200,0.454,edge,False,0,4.76837158203125e-06
edge_only,79,0,200,0.443,edge,False,0,1.1682510375976562e-05
edge_only,80,0,200,0.446,edge,False,0,2.0265579223632812e-06
edge_only,81,0,200,0.498,edge,False,0,0.0001913905143737793
edge_only,82,0,200,0.64,edge,False,0,1.7881393432617188e-06
edge_only,83,0,200,0.613,edge,False,0,1.0728836059570312e-06
edge_only,84,0,200,0.525,edge,False,0,5.245208740234375e-06
edge_only,85,0,200,0.549,edge,False,0,2.586841583251953e-05
edge_only,86,0,200,0.655,edge,False,0,1.919269561767578e-05
edge_only,87,0,200,0.555,edge,False,0,0.0001016855239868164
edge_only,88,0,200,0.477,edge,False,0,9.894371032714844e-06
edge_only,89,0,200,0.439,edge,False,0,1.6689300537109375e-06
edge_only,90,0,200,0.438,edge,False,0,9.179115295410156e-06
edge_only,91,0,200,0.474,edge,False,0,0.0
edge_only,92,0,200,0.586,edge,False,0,7.987022399902344e-05
edge_only,93,0,200,0.441,edge,False,0,1.0609626770019531e-05
edge_only,94,0,200,0.431,edge,False,0,5.960464477539062e-07
edge_only,95,0,200,0.431,edge,False,0,7.236003875732422e-05
edge_only,96,0,200,0.466,edge,False,0,6.365776062011719e-05
edge_only,97,0,200,0.612,edge,False,0,2.384185791015625e-07
edge_only,98,0,200,0.531,edge,False,0,8.952617645263672e-05
edge_only,99,0,200,0.436,edge,False,0,3.0994415283203125e-06
edge_only,100,0,200,0.43,edge,False,0,1.1920928955078125e-07
edge_only,101,0,200,0.442,edge,False,0,0.0004406571388244629
edge_only,102,0,200,0.521,edge,False,0,4.982948303222656e-05
edge_only,103,0,200,0.496,edge,False,0,8.344650268554688e-07
edge_only,104,0,200,0.462,edge,False,0,5.602836608886719e-06
edge_only,105,0,200,0.446,edge,False,0,6.330013275146484e-05
edge_only,106,0,200,0.499,edge,False,0,0.0
edge_only,107,0,200,0.575,edge,False,0,2.384185791015625e-07
edge_only,108,0,200,0.561,edge,False,0,2.2649765014648438e-06
edge_only,109,0,200,0.487,edge,False,0,0.027124524116516113
edge_only,110,0,200,0.528,edge,False,0,4.744529724121094e-05
edge_only,111,0,200,0.436,edge,False,0,1.0967254638671875e-05
edge_only,112,0,200,0.43,edge,False,0,5.960464477539062e-07
edge_only,113,0,200,0.467,edge,False,0,3.170967102050781e-05
edge_only,114,0,200,0.541,edge,False,0,2.9802322387695312e-06
edge_only,115,0,200,0.627,edge,False,0,2.300739288330078e-05
edge_only,116,0,200,0.433,edge,False,0,1.2278556823730469e-05
edge_only,117,0,200,0.447,edge,False,0,1.6689300537109375e-06
edge_only,118,0,200,0.491,edge,False,0,2.0265579223632812e-06
edge_only,119,0,200,0.455,edge,False,0,5.125999450683594e-06
edge_only,120,0,200,0.443,edge,False,0,8.344650268554688e-07
edge_only,121,0,200,0.46,edge,False,0,1.6689300537109375e-06
edge_only,122,0,200,0.443,edge,False,0,6.496906280517578e-05
edge_only,123,0,200,0.432,edge,False,0,1.1920928955078125e-07
edge_only,124,0,200,0.421,edge,False,0,3.6954879760742188e-06
edge_only,125,0,200,0.432,edge,False,0,4.76837158203125e-07
edge_only,126,0,200,0.427,edge,False,0,4.971027374267578e-05
edge_only,127,0,200,0.426,edge,False,0,2.7418136596679688e-06
edge_only,128,0,200,0.431,edge,False,0,1.7404556274414062e-05
edge_only,129,0,200,0.428,edge,False,0,4.38690185546875e-05
edge_only,130,0,200,0.466,edge,False,0,1.7881393432617188e-06
edge_only,131,0,200,0.565,edge,False,0,6.318092346191406e-06
edge_only,132,0,200,0.468,edge,False,0,2.384185791015625e-06
edge_only,133,0,200,0.436,edge,False,0,1.5497207641601562e-06
edge_only,134,0,200,0.429,edge,False,0,3.314018249511719e-05
edge_only,135,0,200,0.425,edge,False,0,6.663799285888672e-05
edge_only,136,0,200,0.447,edge,False,0,7.128715515136719e-05
edge_only,137,0,200,0.507,edge,False,0,6.9141387939453125e-06
edge_only,138,1,200,0.672,edge,False,0,0.9999755620956421
edge_only,139,0,200,0.483,edge,False,0,1.9073486328125e-05
edge_only,140,0,200,0.442,edge,False,0,4.76837158203125e-07
edge_only,141,0,200,0.432,edge,False,0,7.045269012451172e-05
edge_only,142,0,200,0.428,edge,False,0,0.00021392107009887695
edge_only,143,1,200,0.456,edge,False,0,0.00026494264602661133
edge_only,144,0,200,0.423,edge,False,0,1.3113021850585938e-06
edge_only,145,0,200,0.419,edge,False,0,8.344650268554688e-07
edge_only,146,0,200,0.422,edge,False,0,1.6689300537109375e-06
edge_only,147,0,200,0.437,edge,False,0,4.76837158203125e-07
edge_only,148,0,200,0.637,edge,False,0,1.1920928955078125e-06
edge_only,149,0,200,0.498,edge,False,0,5.626678466796875e-05
edge_only,150,0,200,0.449,edge,False,0,3.5762786865234375e-07
edge_only,151,0,200,0.449,edge,False,0,7.665157318115234e-05
edge_only,152,0,200,0.447,edge,False,0,5.3882598876953125e-05
edge_only,153,0,200,0.47,edge,False,0,5.364418029785156e-06
edge_only,154,0,200,0.437,edge,False,0,4.410743713378906e-06
edge_only,155,0,200,0.443,edge,False,0,6.318092346191406e-06
edge_only,156,0,200,0.486,edge,False,0,8.344650268554688e-07
edge_only,157,0,200,0.5,edge,False,0,1.1324882507324219e-05
edge_only,158,0,200,0.465,edge,False,0,5.960464477539062e-07
edge_only,159,0,200,0.435,edge,False,0,1.1920928955078125e-06
edge_only,160,0,200,0.424,edge,False,0,1.3113021850585938e-06
edge_only,161,0,200,0.549,edge,False,0,2.1457672119140625e-06
edge_only,162,1,200,0.428,edge,False,0,0.9995421171188354
edge_only,163,0,200,0.423,edge,False,0,2.384185791015625e-06
edge_only,164,1,200,0.426,edge,False,0,0.9972723126411438
edge_only,165,0,200,0.575,edge,False,0,9.298324584960938e-06
edge_only,166,0,200,0.481,edge,False,0,3.731250762939453e-05
edge_only,167,0,200,0.43,edge,False,0,2.2649765014648438e-06
edge_only,168,0,200,0.428,edge,False,0,0.00358426570892334
edge_only,169,0,200,0.418,edge,False,0,6.794929504394531e-06
edge_only,170,1,200,0.418,edge,False,0,0.9998699426651001
edge_only,171,0,200,0.443,edge,False,0,7.3909759521484375e-06
edge_only,172,0,200,0.512,edge,False,0,2.6226043701171875e-05
edge_only,173,0,200,0.566,edge,False,0,1.52587890625e-05
edge_only,174,0,200,0.475,edge,False,0,0.0005388855934143066
edge_only,175,0,200,0.44,edge,False,0,0.00013768672943115234
edge_only,176,0,200,0.443,edge,False,0,2.9802322387695312e-06
edge_only,177,0,200,0.428,edge,False,0,1.8835067749023438e-05
edge_only,178,0,200,0.428,edge,False,0,4.410743713378906e-06
edge_only,179,0,200,0.42,edge,False,0,2.86102294921875e-06
edge_only,180,0,200,0.418,edge,False,0,0.00019496679306030273
edge_only,181,0,200,0.418,edge,False,0,1.430511474609375e-06
edge_only,182,0,200,0.447,edge,False,0,9.262561798095703e-05
edge_only,183,0,200,0.515,edge,False,0,8.344650268554688e-07
edge_only,184,0,200,0.556,edge,False,0,0.00015854835510253906
edge_only,185,0,200,0.431,edge,False,0,8.344650268554688e-07
edge_only,186,0,200,0.434,edge,False,0,1.6808509826660156e-05
edge_only,187,0,200,0.427,edge,False,0,5.960464477539062e-07
edge_only,188,0,200,0.422,edge,False,0,1.0848045349121094e-05
edge_only,189,0,200,0.449,edge,False,0,1.7642974853515625e-05
edge_only,190,0,200,0.437,edge,False,0,4.410743713378906e-06
edge_only,191,0,200,0.433,edge,False,0,0.005615592002868652
edge_only,192,0,200,0.462,edge,False,0,2.0742416381835938e-05
edge_only,193,0,200,0.494,edge,False,0,5.364418029785156e-06
edge_only,194,0,200,0.482,edge,False,0,0.00027745962142944336
edge_only,195,0,200,0.439,edge,False,0,4.649162292480469e-06
edge_only,196,0,200,0.428,edge,False,0,2.384185791015625e-06
edge_only,197,0,200,0.423,edge,False,0,6.985664367675781e-05
edge_only,198,0,200,0.42,edge,False,0,7.557868957519531e-05
edge_only,199,0,200,0.425,edge,False,0,1.1920928955078125e-07
edge_only,200,0,200,0.531,edge,False,0,1.811981201171875e-05
edge_only,201,0,200,0.498,edge,False,0,5.364418029785156e-06
edge_only,202,0,200,0.443,edge,False,0,6.663799285888672e-05
edge_only,203,1,200,0.435,edge,False,0,0.9999614953994751
edge_only,204,1,200,0.424,edge,False,0,0.9999929666519165
edge_only,205,0,200,0.424,edge,False,0,6.198883056640625e-06
edge_only,206,0,200,0.426,edge,False,0,9.5367431640625e-07
edge_only,207,0,200,0.562,edge,False,0,1.7881393432617188e-06
edge_only,208,0,200,0.482,edge,False,0,0.0014917254447937012
edge_only,209,0,200,0.558,edge,False,0,4.6133995056152344e-05
edge_only,210,0,200,0.494,edge,False,0,1.1920928955078125e-07
edge_only,211,1,200,0.454,edge,False,0,0.9999384880065918
edge_only,212,0,200,0.434,edge,False,0,0.0007529258728027344
edge_only,213,0,200,0.426,edge,False,0,0.0002754330635070801
edge_only,214,0,200,0.426,edge,False,0,2.8014183044433594e-05
edge_only,215,0,200,0.427,edge,False,0,4.780292510986328e-05
edge_only,216,0,200,0.423,edge,False,0,1.1444091796875e-05
edge_only,217,0,200,0.517,edge,False,0,9.500980377197266e-05
edge_only,218,0,200,0.522,edge,False,0,0.00011050701141357422
edge_only,219,0,200,0.446,edge,False,0,1.811981201171875e-05
edge_only,220,0,200,0.429,edge,False,0,7.224082946777344e-05
edge_only,221,0,200,0.424,edge,False,0,1.3113021850585938e-05
edge_only,222,0,200,0.422,edge,False,0,7.152557373046875e-07
edge_only,223,0,200,0.422,edge,False,0,2.5033950805664062e-06
edge_only,224,0,200,0.423,edge,False,0,1.0728836059570312e-06
edge_only,225,0,200,0.452,edge,False,0,6.556510925292969e-06
edge_only,226,0,200,0.44,edge,False,0,8.821487426757812e-06
edge_only,227,0,200,0.421,edge,False,0,2.1457672119140625e-06
edge_only,228,0,200,0.453,edge,False,0,3.5762786865234375e-07
edge_only,229,0,200,0.471,edge,False,0,6.556510925292969e-06
edge_only,230,0,200,0.582,edge,False,0,0.00044602155685424805
edge_only,231,0,200,0.428,edge,False,0,1.7881393432617188e-06
edge_only,232,0,200,0.465,edge,False,0,4.172325134277344e-06
edge_only,233,0,200,0.437,edge,False,0,1.5974044799804688e-05
edge_only,234,0,200,0.449,edge,False,0,1.1086463928222656e-05
edge_only,235,0,200,0.577,edge,False,0,3.0994415283203125e-06
edge_only,236,0,200,0.491,edge,False,0,1.1801719665527344e-05
edge_only,237,0,200,0.443,edge,False,0,1.633167266845703e-05
edge_only,238,0,200,0.429,edge,False,0,0.001969635486602783
edge_only,239,0,200,0.426,edge,False,0,1.430511474609375e-06
edge_only,240,0,200,0.487,edge,False,0,2.1219253540039062e-05
edge_only,241,0,200,0.439,edge,False,0,2.384185791015625e-07
edge_only,242,0,200,0.428,edge,False,0,3.5762786865234375e-06
edge_only,243,0,200,0.464,edge,False,0,1.1920928955078125e-06
edge_only,244,1,200,0.563,edge,False,0,0.17094147205352783
edge_only,245,0,200,0.727,edge,False,0,8.344650268554688e-07
edge_only,246,0,200,0.504,edge,False,0,1.5020370483398438e-05
edge_only,247,0,200,0.437,edge,False,0,5.0067901611328125e-05
edge_only,248,0,200,0.466,edge,False,0,6.61611557006836e-05
edge_only,249,0,200,0.484,edge,False,0,4.1484832763671875e-05
edge_only,250,0,200,0.491,edge,False,0,2.6226043701171875e-06
edge_only,251,0,200,0.672,edge,False,0,8.213520050048828e-05
edge_only,252,0,200,0.548,edge,False,0,8.344650268554688e-06
edge_only,253,0,200,0.608,edge,False,0,1.5854835510253906e-05
edge_only,254,0,200,0.447,edge,False,0,1.6689300537109375e-06
edge_only,255,0,200,0.437,edge,False,0,9.298324584960938e-06
edge_only,256,0,200,0.434,edge,False,0,2.384185791015625e-07
edge_only,257,0,200,0.431,edge,False,0,0.0
edge_only,258,0,200,0.435,edge,False,0,0.003429412841796875
edge_only,259,0,200,0.47,edge,False,0,2.4437904357910156e-05
edge_only,260,0,200,0.608,edge,False,0,0.45201367139816284
edge_only,261,0,200,0.575,edge,False,0,7.271766662597656e-06
edge_only,262,0,200,0.558,edge,False,0,0.0001360177993774414
edge_only,263,0,200,0.446,edge,False,0,2.0265579223632812e-06
edge_only,264,0,200,0.438,edge,False,0,1.9073486328125e-06
edge_only,265,0,200,0.435,edge,False,0,7.152557373046875e-07
edge_only,266,0,200,0.444,edge,False,0,0.0002314448356628418
edge_only,267,0,200,0.615,edge,False,0,3.5762786865234375e-07
edge_only,268,0,200,0.507,edge,False,0,0.00033867359161376953
edge_only,269,0,200,0.436,edge,False,0,3.7670135498046875e-05
edge_only,270,0,200,0.532,edge,False,0,2.0265579223632812e-06
edge_only,271,0,200,0.456,edge,False,0,0.004075050354003906
edge_only,272,0,200,0.432,edge,False,0,3.993511199951172e-05
edge_only,273,0,200,0.459,edge,False,0,9.5367431640625e-07
edge_only,274,0,200,0.503,edge,False,0,0.008290588855743408
edge_only,275,0,200,0.46,edge,False,0,5.960464477539062e-07
edge_only,276,0,200,0.664,edge,False,0,6.198883056640625e-06
edge_only,277,0,200,0.714,edge,False,0,0.00015997886657714844
edge_only,278,0,200,0.596,edge,False,0,1.7881393432617188e-05
edge_only,279,0,200,0.496,edge,False,0,0.00010597705841064453
edge_only,280,1,200,0.483,edge,False,0,0.9999901056289673
edge_only,281,0,200,0.468,edge,False,0,1.0848045349121094e-05
edge_only,282,0,200,0.669,edge,False,0,1.3113021850585938e-06
edge_only,283,0,200,0.603,edge,False,0,9.775161743164062e-06
edge_only,284,0,200,0.461,edge,False,0,1.3113021850585938e-06
edge_only,285,0,200,0.444,edge,False,0,0.00019532442092895508
edge_only,286,0,200,0.435,edge,False,0,9.655952453613281e-06
edge_only,287,1,200,0.432,edge,False,0,0.9866543412208557
edge_only,288,0,200,0.434,edge,False,0,1.0371208190917969e-05
edge_only,289,1,200,0.435,edge,False,0,0.7539046406745911
edge_only,290,0,200,0.435,edge,False,0,2.0265579223632812e-06
edge_only,291,0,200,0.456,edge,False,0,0.00029736757278442383
edge_only,292,0,200,0.528,edge,False,0,1.1920928955078125e-07
edge_only,293,1,200,0.452,edge,False,0,0.9999755620956421
edge_only,294,0,200,0.457,edge,False,0,0.0014660358428955078
edge_only,295,0,200,0.568,edge,False,0,1.1920928955078125e-06
edge_only,296,0,200,0.53,edge,False,0,1.1920928955078125e-07
edge_only,297,0,200,0.451,edge,False,0,9.572505950927734e-05
edge_only,298,0,200,0.5,edge,False,0,4.5180320739746094e-05
edge_only,299,0,200,0.799,edge,False,0,5.960464477539062e-07
cloud_only_outage,0,0,503,0.518,,,0,
cloud_only_outage,1,0,503,0.54,,,0,
cloud_only_outage,2,0,503,0.481,,,0,
cloud_only_outage,3,0,503,0.435,,,0,
cloud_only_outage,4,0,503,0.425,,,0,
cloud_only_outage,5,0,503,0.419,,,0,
cloud_only_outage,6,0,503,0.439,,,0,
cloud_only_outage,7,1,503,0.591,,,0,
cloud_only_outage,8,0,503,0.57,,,0,
cloud_only_outage,9,0,503,0.485,,,0,
cloud_only_outage,10,0,503,0.388,,,0,
cloud_only_outage,11,0,503,0.409,,,0,
cloud_only_outage,12,0,503,0.352,,,0,
cloud_only_outage,13,0,503,0.382,,,0,
cloud_only_outage,14,0,503,0.371,,,0,
cloud_only_outage,15,0,503,0.327,,,0,
cloud_only_outage,16,0,503,0.327,,,0,
cloud_only_outage,17,0,503,0.336,,,0,
cloud_only_outage,18,0,503,0.361,,,0,
cloud_only_outage,19,0,503,0.347,,,0,
cloud_only_outage,20,0,503,0.432,,,0,
cloud_only_outage,21,0,503,0.363,,,0,
cloud_only_outage,22,0,503,0.353,,,0,
cloud_only_outage,23,0,503,0.353,,,0,
cloud_only_outage,24,0,503,0.335,,,0,
cloud_only_outage,25,0,503,0.369,,,0,
cloud_only_outage,26,0,503,0.328,,,0,
cloud_only_outage,27,0,503,0.375,,,0,
cloud_only_outage,28,0,503,0.381,,,0,
cloud_only_outage,29,1,503,0.347,,,0,
cloud_only_outage,30,0,503,0.326,,,0,
cloud_only_outage,31,0,503,0.332,,,0,
cloud_only_outage,32,0,503,0.327,,,0,
cloud_only_outage,33,0,503,0.315,,,0,
cloud_only_outage,34,0,503,0.317,,,0,
cloud_only_outage,35,0,503,0.319,,,0,
cloud_only_outage,36,0,503,0.328,,,0,
cloud_only_outage,37,0,503,0.32,,,0,
cloud_only_outage,38,0,503,0.302,,,0,
cloud_only_outage,39,0,503,0.309,,,0,
cloud_only_outage,40,0,503,0.304,,,0,
cloud_only_outage,41,0,503,0.311,,,0,
cloud_only_outage,42,0,503,0.432,,,0,
cloud_only_outage,43,0,503,0.333,,,0,
cloud_only_outage,44,0,503,0.337,,,0,
cloud_only_outage,45,1,503,0.342,,,0,
cloud_only_outage,46,0,503,0.329,,,0,
cloud_only_outage,47,0,503,0.331,,,0,
cloud_only_outage,48,0,503,0.314,,,0,
cloud_only_outage,49,0,503,0.32,,,0,
cloud_only_outage,50,0,503,0.334,,,0,
cloud_only_outage,51,0,503,0.314,,,0,
cloud_only_outage,52,0,503,0.311,,,0,
cloud_only_outage,53,0,503,0.302,,,0,
cloud_only_outage,54,0,503,0.296,,,0,
cloud_only_outage,55,0,503,0.288,,,0,
cloud_only_outage,56,0,503,0.303,,,0,
cloud_only_outage,57,1,503,0.293,,,0,
cloud_only_outage,58,1,503,0.299,,,0,
cloud_only_outage,59,0,503,0.313,,,0,
cloud_only_outage,60,0,503,0.293,,,0,
cloud_only_outage,61,0,503,0.289,,,0,
cloud_only_outage,62,0,503,0.293,,,0,
cloud_only_outage,63,0,503,0.296,,,0,
cloud_only_outage,64,0,503,0.31,,,0,
cloud_only_outage,65,0,503,0.364,,,0,
cloud_only_outage,66,0,503,0.323,,,0,
cloud_only_outage,67,0,503,0.313,,,0,
cloud_only_outage,68,0,503,0.331,,,0,
cloud_only_outage,69,0,503,0.326,,,0,
cloud_only_outage,70,0,503,0.327,,,0,
cloud_only_outage,71,1,503,0.326,,,0,
cloud_only_outage,72,0,503,0.331,,,0,
cloud_only_outage,73,0,503,0.327,,,0,
cloud_only_outage,74,0,503,0.323,,,0,
cloud_only_outage,75,0,503,0.323,,,0,
cloud_only_outage,76,0,503,0.323,,,0,
cloud_only_outage,77,0,503,0.321,,,0,
cloud_only_outage,78,0,503,0.302,,,0,
cloud_only_outage,79,0,503,0.321,,,0,
cloud_only_outage,80,0,503,0.293,,,0,
cloud_only_outage,81,0,503,0.298,,,0,
cloud_only_outage,82,0,503,0.307,,,0,
cloud_only_outage,83,0,503,0.311,,,0,
cloud_only_outage,84,0,503,0.322,,,0,
cloud_only_outage,85,0,503,0.297,,,0,
cloud_only_outage,86,0,503,0.303,,,0,
cloud_only_outage,87,0,503,0.3,,,0,
cloud_only_outage,88,0,503,0.344,,,0,
cloud_only_outage,89,0,503,0.3,,,0,
cloud_only_outage,90,0,503,0.287,,,0,
cloud_only_outage,91,0,503,0.293,,,0,
cloud_only_outage,92,0,503,0.316,,,0,
cloud_only_outage,93,0,503,0.303,,,0,
cloud_only_outage,94,0,503,0.295,,,0,
cloud_only_outage,95,0,503,0.285,,,0,
cloud_only_outage,96,0,503,0.315,,,0,
cloud_only_outage,97,0,503,0.32,,,0,
cloud_only_outage,98,0,503,0.307,,,0,
cloud_only_outage,99,0,503,0.298,,,0,
cloud_only_outage,100,0,503,0.28,,,0,
cloud_only_outage,101,0,503,0.322,,,0,
cloud_only_outage,102,0,503,0.325,,,0,
cloud_only_outage,103,0,503,0.319,,,0,
cloud_only_outage,104,0,503,0.28,,,0,
cloud_only_outage,105,0,503,0.281,,,0,
cloud_only_outage,106,0,503,0.297,,,0,
cloud_only_outage,107,0,503,0.301,,,0,
cloud_only_outage,108,0,503,0.293,,,0,
cloud_only_outage,109,0,503,0.293,,,0,
cloud_only_outage,110,0,503,0.273,,,0,
cloud_only_outage,111,0,503,0.357,,,0,
cloud_only_outage,112,0,503,0.289,,,0,
cloud_only_outage,113,0,503,0.274,,,0,
cloud_only_outage,114,0,503,0.284,,,0,
cloud_only_outage,115,0,503,0.279,,,0,
cloud_only_outage,116,0,503,0.267,,,0,
cloud_only_outage,117,0,503,0.291,,,0,
cloud_only_outage,118,0,503,0.289,,,0,
cloud_only_outage,119,0,503,0.282,,,0,
cloud_only_outage,120,0,503,0.275,,,0,
cloud_only_outage,121,0,503,0.28,,,0,
cloud_only_outage,122,0,503,0.29,,,0,
cloud_only_outage,123,0,503,0.289,,,0,
cloud_only_outage,124,0,503,0.287,,,0,
cloud_only_outage,125,0,503,0.297,,,0,
cloud_only_outage,126,0,503,0.302,,,0,
cloud_only_outage,127,0,503,0.298,,,0,
cloud_only_outage,128,0,503,0.3,,,0,
cloud_only_outage,129,0,503,0.3,,,0,
cloud_only_outage,130,0,503,0.308,,,0,
cloud_only_outage,131,0,503,0.323,,,0,
cloud_only_outage,132,0,503,0.305,,,0,
cloud_only_outage,133,0,503,0.299,,,0,
cloud_only_outage,134,0,503,0.361,,,0,
cloud_only_outage,135,0,503,0.298,,,0,
cloud_only_outage,136,0,503,0.298,,,0,
cloud_only_outage,137,0,503,0.315,,,0,
cloud_only_outage,138,1,503,0.307,,,0,
cloud_only_outage,139,0,503,0.309,,,0,
cloud_only_outage,140,0,503,0.275,,,0,
cloud_only_outage,141,0,503,0.276,,,0,
cloud_only_outage,142,0,503,0.276,,,0,
cloud_only_outage,143,1,503,0.277,,,0,
cloud_only_outage,144,0,503,0.288,,,0,
cloud_only_outage,145,0,503,0.284,,,0,
cloud_only_outage,146,0,503,0.298,,,0,
cloud_only_outage,147,0,503,0.306,,,0,
cloud_only_outage,148,0,503,0.332,,,0,
cloud_only_outage,149,0,503,0.321,,,0,
cloud_only_outage,150,0,503,0.315,,,0,
cloud_only_outage,151,0,503,0.319,,,0,
cloud_only_outage,152,0,503,0.316,,,0,
cloud_only_outage,153,0,503,0.305,,,0,
cloud_only_outage,154,0,503,0.304,,,0,
cloud_only_outage,155,0,503,0.317,,,0,
cloud_only_outage,156,0,503,0.322,,,0,
cloud_only_outage,157,0,503,0.379,,,0,
cloud_only_outage,158,0,503,0.309,,,0,
cloud_only_outage,159,0,503,0.311,,,0,
cloud_only_outage,160,0,503,0.315,,,0,
cloud_only_outage,161,0,503,0.309,,,0,
cloud_only_outage,162,1,503,0.285,,,0,
cloud_only_outage,163,0,503,0.298,,,0,
cloud_only_outage,164,1,503,0.294,,,0,
cloud_only_outage,165,0,503,0.295,,,0,
cloud_only_outage,166,0,503,0.29,,,0,
cloud_only_outage,167,0,503,0.294,,,0,
cloud_only_outage,168,0,503,0.28,,,0,
cloud_only_outage,169,0,503,0.289,,,0,
cloud_only_outage,170,1,503,0.304,,,0,
cloud_only_outage,171,0,503,0.291,,,0,
cloud_only_outage,172,0,503,0.307,,,0,
cloud_only_outage,173,0,503,0.3,,,0,
cloud_only_outage,174,0,503,0.31,,,0,
cloud_only_outage,175,0,503,0.309,,,0,
cloud_only_outage,176,0,503,0.302,,,0,
cloud_only_outage,177,0,503,0.304,,,0,
cloud_only_outage,178,0,503,0.31,,,0,
cloud_only_outage,179,0,503,0.307,,,0,
cloud_only_outage,180,0,503,0.374,,,0,
cloud_only_outage,181,0,503,0.318,,,0,
cloud_only_outage,182,0,503,0.303,,,0,
cloud_only_outage,183,0,503,0.314,,,0,
cloud_only_outage,184,0,503,0.316,,,0,
cloud_only_outage,185,0,503,0.293,,,0,
cloud_only_outage,186,0,503,0.298,,,0,
cloud_only_outage,187,0,503,0.299,,,0,
cloud_only_outage,188,0,503,0.283,,,0,
cloud_only_outage,189,0,503,0.301,,,0,
cloud_only_outage,190,0,503,0.302,,,0,
cloud_only_outage,191,0,503,0.295,,,0,
cloud_only_outage,192,0,503,0.283,,,0,
cloud_only_outage,193,0,503,0.286,,,0,
cloud_only_outage,194,0,503,0.286,,,0,
cloud_only_outage,195,0,503,0.291,,,0,
cloud_only_outage,196,0,503,0.303,,,0,
cloud_only_outage,197,0,503,0.295,,,0,
cloud_only_outage,198,0,503,0.304,,,0,
cloud_only_outage,199,0,503,0.317,,,0,
cloud_only_outage,200,0,503,0.32,,,0,
cloud_only_outage,201,0,503,0.314,,,0,
cloud_only_outage,202,0,503,0.317,,,0,
cloud_only_outage,203,1,503,0.372,,,0,
cloud_only_outage,204,1,503,0.302,,,0,
cloud_only_outage,205,0,503,0.321,,,0,
cloud_only_outage,206,0,503,0.308,,,0,
cloud_only_outage,207,0,503,0.31,,,0,
cloud_only_outage,208,0,503,0.307,,,0,
cloud_only_outage,209,0,503,0.319,,,0,
cloud_only_outage,210,0,503,0.312,,,0,
cloud_only_outage,211,1,503,0.316,,,0,
cloud_only_outage,212,0,503,0.311,,,0,
cloud_only_outage,213,0,503,0.31,,,0,
cloud_only_outage,214,0,503,0.303,,,0,
cloud_only_outage,215,0,503,0.313,,,0,
cloud_only_outage,216,0,503,0.322,,,0,
cloud_only_outage,217,0,503,0.312,,,0,
cloud_only_outage,218,0,503,0.316,,,0,
cloud_only_outage,219,0,503,0.301,,,0,
cloud_only_outage,220,0,503,0.302,,,0,
cloud_only_outage,221,0,503,0.306,,,0,
cloud_only_outage,222,0,503,0.299,,,0,
cloud_only_outage,223,0,503,0.301,,,0,
cloud_only_outage,224,0,503,0.309,,,0,
cloud_only_outage,225,0,503,0.3,,,0,
cloud_only_outage,226,0,503,0.361,,,0,
cloud_only_outage,227,0,503,0.317,,,0,
cloud_only_outage,228,0,503,0.308,,,0,
cloud_only_outage,229,0,503,0.306,,,0,
cloud_only_outage,230,0,503,0.303,,,0,
cloud_only_outage,231,0,503,0.295,,,0,
cloud_only_outage,232,0,503,0.298,,,0,
cloud_only_outage,233,0,503,0.296,,,0,
cloud_only_outage,234,0,503,0.303,,,0,
cloud_only_outage,235,0,503,0.303,,,0,
cloud_only_outage,236,0,503,0.291,,,0,
cloud_only_outage,237,0,503,0.294,,,0,
cloud_only_outage,238,0,503,0.294,,,0,
cloud_only_outage,239,0,503,0.3,,,0,
cloud_only_outage,240,0,503,0.294,,,0,
cloud_only_outage,241,0,503,0.296,,,0,
cloud_only_outage,242,0,503,0.288,,,0,
cloud_only_outage,243,0,503,0.303,,,0,
cloud_only_outage,244,1,503,0.298,,,0,
cloud_only_outage,245,0,503,0.282,,,0,
cloud_only_outage,246,0,503,0.273,,,0,
cloud_only_outage,247,0,503,0.285,,,0,
cloud_only_outage,248,0,503,0.283,,,0,
cloud_only_outage,249,0,503,0.339,,,0,
cloud_only_outage,250,0,503,0.283,,,0,
cloud_only_outage,251,0,503,0.287,,,0,
cloud_only_outage,252,0,503,0.289,,,0,
cloud_only_outage,253,0,503,0.299,,,0,
cloud_only_outage,254,0,503,0.295,,,0,
cloud_only_outage,255,0,503,0.294,,,0,
cloud_only_outage,256,0,503,0.291,,,0,
cloud_only_outage,257,0,503,0.294,,,0,
cloud_only_outage,258,0,503,0.291,,,0,
cloud_only_outage,259,0,503,0.291,,,0,
cloud_only_outage,260,0,503,0.294,,,0,
cloud_only_outage,261,0,503,0.296,,,0,
cloud_only_outage,262,0,503,0.294,,,0,
cloud_only_outage,263,0,503,0.284,,,0,
cloud_only_outage,264,0,503,0.294,,,0,
cloud_only_outage,265,0,503,0.303,,,0,
cloud_only_outage,266,0,503,0.296,,,0,
cloud_only_outage,267,0,503,0.287,,,0,
cloud_only_outage,268,0,503,0.296,,,0,
cloud_only_outage,269,0,503,0.301,,,0,
cloud_only_outage,270,0,503,0.291,,,0,
cloud_only_outage,271,0,503,0.303,,,0,
cloud_only_outage,272,0,503,0.356,,,0,
cloud_only_outage,273,0,503,0.29,,,0,
cloud_only_outage,274,0,503,0.274,,,0,
cloud_only_outage,275,0,503,0.286,,,0,
cloud_only_outage,276,0,503,0.272,,,0,
cloud_only_outage,277,0,503,0.28,,,0,
cloud_only_outage,278,0,503,0.288,,,0,
cloud_only_outage,279,0,503,0.287,,,0,
cloud_only_outage,280,1,503,0.299,,,0,
cloud_only_outage,281,0,503,0.3,,,0,
cloud_only_outage,282,0,503,0.298,,,0,
cloud_only_outage,283,0,503,0.3,,,0,
cloud_only_outage,284,0,503,0.3,,,0,
cloud_only_outage,285,0,503,0.3,,,0,
cloud_only_outage,286,0,503,0.3,,,0,
cloud_only_outage,287,1,503,0.298,,,0,
cloud_only_outage,288,0,503,0.288,,,0,
cloud_only_outage,289,1,503,0.299,,,0,
cloud_only_outage,290,0,503,0.299,,,0,
cloud_only_outage,291,0,503,0.308,,,0,
cloud_only_outage,292,0,503,0.294,,,0,
cloud_only_outage,293,1,503,0.305,,,0,
cloud_only_outage,294,0,503,0.355,,,0,
cloud_only_outage,295,0,503,0.305,,,0,
cloud_only_outage,296,0,503,0.287,,,0,
cloud_only_outage,297,0,503,0.284,,,0,
cloud_only_outage,298,0,503,0.283,,,0,
cloud_only_outage,299,0,503,0.283,,,0,
hybrid_outage,0,0,200,0.336,edge,False,0,2.384185791015625e-06
hybrid_outage,1,0,200,0.536,edge,False,0,5.4836273193359375e-06
hybrid_outage,2,0,200,0.798,edge,False,0,2.384185791015625e-07
hybrid_outage,3,0,200,0.636,edge,False,0,3.0994415283203125e-06
hybrid_outage,4,0,200,0.579,edge,False,0,2.384185791015625e-07
hybrid_outage,5,0,200,0.518,edge,False,0,3.62396240234375e-05
hybrid_outage,6,0,200,0.457,edge,False,0,6.580352783203125e-05
hybrid_outage,7,1,200,0.449,edge,False,0,0.9997473359107971
hybrid_outage,8,0,200,0.435,edge,False,0,1.52587890625e-05
hybrid_outage,9,0,200,0.435,edge,False,0,2.384185791015625e-07
hybrid_outage,10,0,200,0.428,edge,False,0,5.960464477539062e-07
hybrid_outage,11,0,200,0.424,edge,False,0,7.152557373046875e-06
hybrid_outage,12,0,200,0.494,edge,False,0,3.337860107421875e-06
hybrid_outage,13,0,200,0.429,edge,False,0,1.3113021850585938e-06
hybrid_outage,14,0,200,0.948,edge,False,0,2.5033950805664062e-06
hybrid_outage,15,0,200,0.659,edge,False,0,3.6954879760742188e-06
hybrid_outage,16,0,200,0.622,edge,False,0,2.384185791015625e-07
hybrid_outage,17,0,200,0.609,edge,False,0,5.8531761169433594e-05
hybrid_outage,18,0,200,0.469,edge,False,0,3.6954879760742188e-06
hybrid_outage,19,0,200,0.438,edge,False,0,0.02672630548477173
hybrid_outage,20,0,200,0.443,edge,False,0,5.125999450683594e-06
hybrid_outage,21,0,200,0.427,edge,False,0,4.673004150390625e-05
hybrid_outage,22,0,200,0.426,edge,False,0,6.556510925292969e-06
hybrid_outage,23,0,200,0.424,edge,False,0,7.033348083496094e-06
hybrid_outage,24,0,200,0.422,edge,False,0,0.0
hybrid_outage,25,0,200,0.426,edge,False,0,2.1696090698242188e-05
hybrid_outage,26,0,200,0.422,edge,False,0,1.823902130126953e-05
hybrid_outage,27,0,200,0.428,edge,False,0,1.800060272216797e-05
hybrid_outage,28,0,200,0.422,edge,False,0,2.384185791015625e-07
hybrid_outage,29,1,200,0.416,edge,False,0,0.9756789803504944
hybrid_outage,30,0,200,0.533,edge,False,0,9.655952453613281e-06
hybrid_outage,31,0,200,0.601,edge,False,0,2.5033950805664062e-06
hybrid_outage,32,0,200,0.461,edge,False,0,9.5367431640625e-07
hybrid_outage,33,0,200,0.467,edge,False,0,1.1920928955078125e-07
hybrid_outage,34,0,200,0.446,edge,False,0,2.658367156982422e-05
hybrid_outage,35,0,200,0.458,edge,False,0,1.1682510375976562e-05
hybrid_outage,36,0,200,0.545,edge,False,0,1.1920928955078125e-06
hybrid_outage,37,0,200,5.927,edge,False,0,2.384185791015625e-07
hybrid_outage,38,0,200,0.683,edge,False,0,1.1920928955078125e-07
hybrid_outage,39,0,200,0.527,edge,False,0,9.5367431640625e-07
hybrid_outage,40,0,200,0.443,edge,False,0,4.112720489501953e-05
hybrid_outage,41,0,200,0.476,edge,False,0,4.887580871582031e-06
hybrid_outage,42,0,200,0.443,edge,False,0,4.172325134277344e-06
hybrid_outage,43,0,200,0.512,edge,False,0,2.5033950805664062e-06
hybrid_outage,44,0,200,0.43,edge,False,0,4.744529724121094e-05
hybrid_outage,45,1,200,0.42,edge,False,0,5.4955482482910156e-05
hybrid_outage,46,0,200,0.423,edge,False,0,1.0728836059570312e-06
hybrid_outage,47,0,200,0.431,edge,False,0,1.5497207641601562e-06
hybrid_outage,48,0,200,0.57,edge,False,0,0.00020140409469604492
hybrid_outage,49,0,200,0.432,edge,False,0,4.76837158203125e-07
hybrid_outage,50,0,200,0.422,edge,False,0,1.6927719116210938e-05
hybrid_outage,51,0,200,0.418,edge,False,0,1.0728836059570312e-06
hybrid_outage,52,0,200,0.5,edge,False,0,2.86102294921875e-06
hybrid_outage,53,0,200,0.594,edge,False,0,3.0994415283203125e-06
hybrid_outage,54,0,200,0.455,edge,False,0,1.7881393432617188e-06
hybrid_outage,55,0,200,0.436,edge,False,0,4.1484832763671875e-05
hybrid_outage,56,0,200,0.504,edge,False,0,1.1920928955078125e-05
hybrid_outage,57,1,200,0.503,edge,False,0,0.9998058676719666
hybrid_outage,58,1,200,0.42,edge,False,0,0.999462902545929
hybrid_outage,59,0,200,0.578,edge,False,0,5.960464477539062e-07
hybrid_outage,60,0,200,0.528,edge,False,0,8.249282836914062e-05
hybrid_outage,61,0,200,0.442,edge,False,0,4.76837158203125e-07
hybrid_outage,62,0,200,0.438,edge,False,0,5.53131103515625e-05
hybrid_outage,63,0,200,0.432,edge,False,0,7.152557373046875e-07
hybrid_outage,64,0,200,0.429,edge,False,0,4.887580871582031e-06
hybrid_outage,65,0,200,0.425,edge,False,0,7.3909759521484375e-06
hybrid_outage,66,0,200,0.541,edge,False,0,8.344650268554688e-07
hybrid_outage,67,0,200,0.433,edge,False,0,1.5497207641601562e-06
hybrid_outage,68,0,200,0.439,edge,False,0,1.1324882507324219e-05
hybrid_outage,69,0,200,0.526,edge,False,0,1.1920928955078125e-07
hybrid_outage,70,0,200,0.454,edge,False,0,4.172325134277344e-06
hybrid_outage,71,1,200,0.448,edge,False,0,0.9999955892562866
hybrid_outage,72,0,200,0.522,edge,False,0,1.2993812561035156e-05
hybrid_outage,73,0,200,0.493,edge,False,0,2.384185791015625e-07
hybrid_outage,74,0,200,0.629,edge,False,0,3.528594970703125e-05
hybrid_outage,75,0,200,0.544,edge,False,0,2.7179718017578125e-05
hybrid_outage,76,0,200,0.515,edge,False,0,1.2755393981933594e-05
hybrid_outage,77,0,200,0.455,edge,False,0,0.0007737874984741211
hybrid_outage,78,0,200,0.435,edge,False,0,4.76837158203125e-06
hybrid_outage,79,0,200,0.428,edge,False,0,1.1682510375976562e-05
hybrid_outage,80,0,200,0.426,edge,False,0,2.0265579223632812e-06
hybrid_outage,81,0,200,0.425,edge,False,0,0.0001913905143737793
hybrid_outage,82,0,200,0.422,edge,False,0,1.7881393432617188e-06
hybrid_outage,83,0,200,0.427,edge,False,0,1.0728836059570312e-06
hybrid_outage,84,0,200,0.423,edge,False,0,5.245208740234375e-06
hybrid_outage,85,0,200,0.466,edge,False,0,2.586841583251953e-05
hybrid_outage,86,0,200,0.785,edge,False,0,1.919269561767578e-05
hybrid_outage,87,0,200,0.477,edge,False,0,0.0001016855239868164
hybrid_outage,88,0,200,0.505,edge,False,0,9.894371032714844e-06
hybrid_outage,89,0,200,0.49,edge,False,0,1.6689300537109375e-06
hybrid_outage,90,0,200,0.473,edge,False,0,9.179115295410156e-06
hybrid_outage,91,0,200,0.435,edge,False,0,0.0
hybrid_outage,92,0,200,0.43,edge,False,0,7.987022399902344e-05
hybrid_outage,93,0,200,0.426,edge,False,0,1.0609626770019531e-05
hybrid_outage,94,0,200,0.427,edge,False,0,5.960464477539062e-07
hybrid_outage,95,0,200,0.423,edge,False,0,7.236003875732422e-05
hybrid_outage,96,0,200,0.424,edge,False,0,6.365776062011719e-05
hybrid_outage,97,0,200,0.423,edge,False,0,2.384185791015625e-07
hybrid_outage,98,0,200,0.423,edge,False,0,8.952617645263672e-05
hybrid_outage,99,0,200,0.418,edge,False,0,3.0994415283203125e-06
hybrid_outage,100,0,200,0.419,edge,False,0,1.1920928955078125e-07
hybrid_outage,101,0,200,0.431,edge,False,0,0.0004406571388244629
hybrid_outage,102,0,200,0.428,edge,False,0,4.982948303222656e-05
hybrid_outage,103,0,200,0.622,edge,False,0,8.344650268554688e-07
hybrid_outage,104,0,200,0.49,edge,False,0,5.602836608886719e-06
hybrid_outage,105,0,200,0.444,edge,False,0,6.330013275146484e-05
hybrid_outage,106,0,200,0.468,edge,False,0,0.0
hybrid_outage,107,0,200,0.684,edge,False,0,2.384185791015625e-07
hybrid_outage,108,0,200,0.535,edge,False,0,2.2649765014648438e-06
hybrid_outage,109,0,200,0.444,edge,False,0,0.027124524116516113
hybrid_outage,110,0,200,0.435,edge,False,0,4.744529724121094e-05
hybrid_outage,111,0,200,0.43,edge,False,0,1.0967254638671875e-05
hybrid_outage,112,0,200,0.427,edge,False,0,5.960464477539062e-07
hybrid_outage,113,0,200,0.427,edge,False,0,3.170967102050781e-05
hybrid_outage,114,0,200,0.421,edge,False,0,2.9802322387695312e-06
hybrid_outage,115,0,200,0.422,edge,False,0,2.300739288330078e-05
hybrid_outage,116,0,200,0.419,edge,False,0,1.2278556823730469e-05
hybrid_outage,117,0,200,0.42,edge,False,0,1.6689300537109375e-06
hybrid_outage,118,0,200,0.424,edge,False,0,2.0265579223632812e-06
hybrid_outage,119,0,200,0.427,edge,False,0,5.125999450683594e-06
hybrid_outage,120,0,200,0.548,edge,False,0,8.344650268554688e-07
hybrid_outage,121,0,200,0.495,edge,False,0,1.6689300537109375e-06
hybrid_outage,122,0,200,0.439,edge,False,0,6.496906280517578e-05
hybrid_outage,123,0,200,0.457,edge,False,0,1.1920928955078125e-07
hybrid_outage,124,0,200,0.51,edge,False,0,3.6954879760742188e-06
hybrid_outage,125,0,200,0.483,edge,False,0,4.76837158203125e-07
hybrid_outage,126,0,200,0.463,edge,False,0,4.971027374267578e-05
hybrid_outage,127,0,200,0.467,edge,False,0,2.7418136596679688e-06
hybrid_outage,128,0,200,0.57,edge,False,0,1.7404556274414062e-05
hybrid_outage,129,0,200,0.434,edge,False,0,4.38690185546875e-05
hybrid_outage,130,0,200,0.434,edge,False,0,1.7881393432617188e-06
hybrid_outage,131,0,200,0.458,edge,False,0,6.318092346191406e-06
hybrid_outage,132,0,200,0.428,edge,False,0,2.384185791015625e-06
hybrid_outage,133,0,200,0.422,edge,False,0,1.5497207641601562e-06
hybrid_outage,134,0,200,0.425,edge,False,0,3.314018249511719e-05
hybrid_outage,135,0,200,0.431,edge,False,0,6.663799285888672e-05
hybrid_outage,136,0,200,0.432,edge,False,0,7.128715515136719e-05
hybrid_outage,137,0,200,0.557,edge,False,0,6.9141387939453125e-06
hybrid_outage,138,1,200,0.521,edge,False,0,0.9999755620956421
hybrid_outage,139,0,200,0.451,edge,False,0,1.9073486328125e-05
hybrid_outage,140,0,200,0.428,edge,False,0,4.76837158203125e-07
hybrid_outage,141,0,200,0.448,edge,False,0,7.045269012451172e-05
hybrid_outage,142,0,200,0.526,edge,False,0,0.00021392107009887695
hybrid_outage,143,1,200,0.496,edge,False,0,0.00026494264602661133
hybrid_outage,144,0,200,0.441,edge,False,0,1.3113021850585938e-06
hybrid_outage,145,0,200,0.424,edge,False,0,8.344650268554688e-07
hybrid_outage,146,0,200,0.422,edge,False,0,1.6689300537109375e-06
hybrid_outage,147,0,200,0.431,edge,False,0,4.76837158203125e-07
hybrid_outage,148,0,200,0.466,edge,False,0,1.1920928955078125e-06
hybrid_outage,149,0,200,0.593,edge,False,0,5.626678466796875e-05
hybrid_outage,150,0,200,0.452,edge,False,0,3.5762786865234375e-07
hybrid_outage,151,0,200,0.442,edge,False,0,7.665157318115234e-05
hybrid_outage,152,0,200,0.452,edge,False,0,5.3882598876953125e-05
hybrid_outage,153,0,200,0.431,edge,False,0,5.364418029785156e-06
hybrid_outage,154,0,200,0.479,edge,False,0,4.410743713378906e-06
hybrid_outage,155,0,200,0.439,edge,False,0,6.318092346191406e-06
hybrid_outage,156,0,200,0.428,edge,False,0,8.344650268554688e-07
hybrid_outage,157,0,200,0.426,edge,False,0,1.1324882507324219e-05
hybrid_outage,158,0,200,0.427,edge,False,0,5.960464477539062e-07
hybrid_outage,159,0,200,0.498,edge,False,0,1.1920928955078125e-06
hybrid_outage,160,0,200,0.492,edge,False,0,1.3113021850585938e-06
hybrid_outage,161,0,200,0.483,edge,False,0,2.1457672119140625e-06
hybrid_outage,162,1,200,0.477,edge,False,0,0.9995421171188354
hybrid_outage,163,0,200,0.429,edge,False,0,2.384185791015625e-06
hybrid_outage,164,1,200,0.423,edge,False,0,0.9972723126411438
hybrid_outage,165,0,200,0.419,edge,False,0,9.298324584960938e-06
hybrid_outage,166,0,200,0.418,edge,False,0,3.731250762939453e-05
hybrid_outage,167,0,200,0.416,edge,False,0,2.2649765014648438e-06
hybrid_outage,168,0,200,0.422,edge,False,0,0.00358426570892334
hybrid_outage,169,0,200,0.427,edge,False,0,6.794929504394531e-06
hybrid_outage,170,1,200,0.549,edge,False,0,0.9998699426651001
hybrid_outage,171,0,200,0.453,edge,False,0,7.3909759521484375e-06
hybrid_outage,172,0,200,0.457,edge,False,0,2.6226043701171875e-05
hybrid_outage,173,0,200,0.423,edge,False,0,1.52587890625e-05
hybrid_outage,174,0,200,0.419,edge,False,0,0.0005388855934143066
hybrid_outage,175,0,200,0.42,edge,False,0,0.00013768672943115234
hybrid_outage,176,0,200,0.42,edge,False,0,2.9802322387695312e-06
hybrid_outage,177,0,200,0.443,edge,False,0,1.8835067749023438e-05
hybrid_outage,178,0,200,0.436,edge,False,0,4.410743713378906e-06
hybrid_outage,179,0,200,0.438,edge,False,0,2.86102294921875e-06
hybrid_outage,180,0,200,0.416,edge,False,0,0.00019496679306030273
hybrid_outage,181,0,200,0.415,edge,False,0,1.430511474609375e-06
hybrid_outage,182,0,200,0.415,edge,False,0,9.262561798095703e-05
hybrid_outage,183,0,200,0.424,edge,False,0,8.344650268554688e-07
hybrid_outage,184,0,200,0.46,edge,False,0,0.00015854835510253906
hybrid_outage,185,0,200,0.435,edge,False,0,8.344650268554688e-07
hybrid_outage,186,0,200,0.426,edge,False,0,1.6808509826660156e-05
hybrid_outage,187,0,200,0.422,edge,False,0,5.960464477539062e-07
hybrid_outage,188,0,200,0.424,edge,False,0,1.0848045349121094e-05
hybrid_outage,189,0,200,0.427,edge,False,0,1.7642974853515625e-05
hybrid_outage,190,0,200,0.437,edge,False,0,4.410743713378906e-06
hybrid_outage,191,0,200,0.551,edge,False,0,0.005615592002868652
hybrid_outage,192,0,200,0.423,edge,False,0,2.0742416381835938e-05
hybrid_outage,193,0,200,0.422,edge,False,0,5.364418029785156e-06
hybrid_outage,194,0,200,0.43,edge,False,0,0.00027745962142944336
hybrid_outage,195,0,200,0.428,edge,False,0,4.649162292480469e-06
hybrid_outage,196,0,200,0.442,edge,False,0,2.384185791015625e-06
hybrid_outage,197,0,200,0.422,edge,False,0,6.985664367675781e-05
hybrid_outage,198,0,200,0.445,edge,False,0,7.557868957519531e-05
hybrid_outage,199,0,200,0.477,edge,False,0,1.1920928955078125e-07
hybrid_outage,200,0,200,0.439,edge,False,0,1.811981201171875e-05
hybrid_outage,201,0,200,0.426,edge,False,0,5.364418029785156e-06
hybrid_outage,202,0,200,0.424,edge,False,0,6.663799285888672e-05
hybrid_outage,203,1,200,0.423,edge,False,0,0.9999614953994751
hybrid_outage,204,1,200,0.426,edge,False,0,0.9999929666519165
hybrid_outage,205,0,200,0.42,edge,False,0,6.198883056640625e-06
hybrid_outage,206,0,200,0.422,edge,False,0,9.5367431640625e-07
hybrid_outage,207,0,200,0.419,edge,False,0,1.7881393432617188e-06
hybrid_outage,208,0,200,0.438,edge,False,0,0.0014917254447937012
hybrid_outage,209,0,200,0.432,edge,False,0,4.6133995056152344e-05
hybrid_outage,210,0,200,0.427,edge,False,0,1.1920928955078125e-07
hybrid_outage,211,1,200,0.428,edge,False,0,0.9999384880065918
hybrid_outage,212,0,200,0.55,edge,False,0,0.0007529258728027344
hybrid_outage,213,0,200,0.441,edge,False,0,0.0002754330635070801
hybrid_outage,214,0,200,0.426,edge,False,0,2.8014183044433594e-05
hybrid_outage,215,0,200,0.441,edge,False,0,4.780292510986328e-05
hybrid_outage,216,0,200,0.517,edge,False,0,1.1444091796875e-05
hybrid_outage,217,0,200,0.463,edge,False,0,9.500980377197266e-05
hybrid_outage,218,0,200,0.438,edge,False,0,0.00011050701141357422
hybrid_outage,219,0,200,0.428,edge,False,0,1.811981201171875e-05
hybrid_outage,220,0,200,0.43,edge,False,0,7.224082946777344e-05
hybrid_outage,221,0,200,0.451,edge,False,0,1.3113021850585938e-05
hybrid_outage,222,0,200,0.425,edge,False,0,7.152557373046875e-07
hybrid_outage,223,0,200,0.425,edge,False,0,2.5033950805664062e-06
hybrid_outage,224,0,200,0.424,edge,False,0,1.0728836059570312e-06
hybrid_outage,225,0,200,0.422,edge,False,0,6.556510925292969e-06
hybrid_outage,226,0,200,0.456,edge,False,0,8.821487426757812e-06
hybrid_outage,227,0,200,0.43,edge,False,0,2.1457672119140625e-06
hybrid_outage,228,0,200,0.424,edge,False,0,3.5762786865234375e-07
hybrid_outage,229,0,200,0.432,edge,False,0,6.556510925292969e-06
hybrid_outage,230,0,200,0.423,edge,False,0,0.00044602155685424805
hybrid_outage,231,0,200,0.431,edge,False,0,1.7881393432617188e-06
hybrid_outage,232,0,200,0.461,edge,False,0,4.172325134277344e-06
hybrid_outage,233,0,200,0.655,edge,False,0,1.5974044799804688e-05
hybrid_outage,234,0,200,0.487,edge,False,0,1.1086463928222656e-05
hybrid_outage,235,0,200,0.431,edge,False,0,3.0994415283203125e-06
hybrid_outage,236,0,200,0.427,edge,False,0,1.1801719665527344e-05
hybrid_outage,237,0,200,0.429,edge,False,0,1.633167266845703e-05
hybrid_outage,238,0,200,0.432,edge,False,0,0.001969635486602783
hybrid_outage,239,0,200,0.445,edge,False,0,1.430511474609375e-06
hybrid_outage,240,0,200,0.425,edge,False,0,2.1219253540039062e-05
hybrid_outage,241,0,200,0.421,edge,False,0,2.384185791015625e-07
hybrid_outage,242,0,200,0.426,edge,False,0,3.5762786865234375e-06
hybrid_outage,243,0,200,0.424,edge,False,0,1.1920928955078125e-06
hybrid_outage,244,1,200,0.441,edge,True,0,0.17094147205352783
hybrid_outage,245,0,200,0.423,edge,False,0,8.344650268554688e-07
hybrid_outage,246,0,200,0.423,edge,False,0,1.5020370483398438e-05
hybrid_outage,247,0,200,0.421,edge,False,0,5.0067901611328125e-05
hybrid_outage,248,0,200,0.424,edge,False,0,6.61611557006836e-05
hybrid_outage,249,0,200,0.431,edge,False,0,4.1484832763671875e-05
hybrid_outage,250,0,200,0.433,edge,False,0,2.6226043701171875e-06
hybrid_outage,251,0,200,0.428,edge,False,0,8.213520050048828e-05
hybrid_outage,252,0,200,0.44,edge,False,0,8.344650268554688e-06
hybrid_outage,253,0,200,0.426,edge,False,0,1.5854835510253906e-05
hybrid_outage,254,0,200,0.545,edge,False,0,1.6689300537109375e-06
hybrid_outage,255,0,200,0.425,edge,False,0,9.298324584960938e-06
hybrid_outage,256,0,200,0.426,edge,False,0,2.384185791015625e-07
hybrid_outage,257,0,200,0.429,edge,False,0,0.0
hybrid_outage,258,0,200,0.53,edge,False,0,0.003429412841796875
hybrid_outage,259,0,200,0.476,edge,False,0,2.4437904357910156e-05
hybrid_outage,260,0,200,0.439,edge,True,0,0.45201367139816284
hybrid_outage,261,0,200,0.427,edge,False,0,7.271766662597656e-06
hybrid_outage,262,0,200,0.423,edge,False,0,0.0001360177993774414
hybrid_outage,263,0,200,0.425,edge,False,0,2.0265579223632812e-06
hybrid_outage,264,0,200,0.421,edge,False,0,1.9073486328125e-06
hybrid_outage,265,0,200,0.425,edge,False,0,7.152557373046875e-07
hybrid_outage,266,0,200,0.422,edge,False,0,0.0002314448356628418
hybrid_outage,267,0,200,0.418,edge,False,0,3.5762786865234375e-07
hybrid_outage,268,0,200,0.42,edge,False,0,0.00033867359161376953
hybrid_outage,269,0,200,0.423,edge,False,0,3.7670135498046875e-05
hybrid_outage,270,0,200,0.426,edge,False,0,2.0265579223632812e-06
hybrid_outage,271,0,200,0.464,edge,False,0,0.004075050354003906
hybrid_outage,272,0,200,0.438,edge,False,0,3.993511199951172e-05
hybrid_outage,273,0,200,0.432,edge,False,0,9.5367431640625e-07
hybrid_outage,274,0,200,0.427,edge,False,0,0.008290588855743408
hybrid_outage,275,0,200,0.68,edge,False,0,5.960464477539062e-07
hybrid_outage,276,0,200,0.463,edge,False,0,6.198883056640625e-06
hybrid_outage,277,0,200,0.43,edge,False,0,0.00015997886657714844
hybrid_outage,278,0,200,0.428,edge,False,0,1.7881393432617188e-05
hybrid_outage,279,0,200,0.423,edge,False,0,0.00010597705841064453
hybrid_outage,280,1,200,0.42,edge,False,0,0.9999901056289673
hybrid_outage,281,0,200,0.423,edge,False,0,1.0848045349121094e-05
hybrid_outage,282,0,200,0.422,edge,False,0,1.3113021850585938e-06
hybrid_outage,283,0,200,0.424,edge,False,0,9.775161743164062e-06
hybrid_outage,284,0,200,0.418,edge,False,0,1.3113021850585938e-06
hybrid_outage,285,0,200,0.429,edge,False,0,0.00019532442092895508
hybrid_outage,286,0,200,0.459,edge,False,0,9.655952453613281e-06
hybrid_outage,287,1,200,0.433,edge,False,0,0.9866543412208557
hybrid_outage,288,0,200,0.436,edge,False,0,1.0371208190917969e-05
hybrid_outage,289,1,200,0.436,edge,True,0,0.7539046406745911
hybrid_outage,290,0,200,0.427,edge,False,0,2.0265579223632812e-06
hybrid_outage,291,0,200,0.424,edge,False,0,0.00029736757278442383
hybrid_outage,292,0,200,0.423,edge,False,0,1.1920928955078125e-07
hybrid_outage,293,1,200,0.418,edge,False,0,0.9999755620956421
hybrid_outage,294,0,200,0.42,edge,False,0,0.0014660358428955078
hybrid_outage,295,0,200,0.463,edge,False,0,1.1920928955078125e-06
hybrid_outage,296,0,200,0.437,edge,False,0,1.1920928955078125e-07
hybrid_outage,297,0,200,0.439,edge,False,0,9.572505950927734e-05
hybrid_outage,298,0,200,0.539,edge,False,0,4.5180320739746094e-05
hybrid_outage,299,0,200,0.431,edge,False,0,5.960464477539062e-07
